Unnamed: 0_level_0 Rk,Team,Unnamed: 2_level_0 Age,Unnamed: 3_level_0 W,Unnamed: 4_level_0 L,Unnamed: 5_level_0 PW,Unnamed: 6_level_0 PL,Unnamed: 7_level_0 MOV,Unnamed: 8_level_0 SOS,Unnamed: 9_level_0 SRS,Unnamed: 10_level_0 ORtg,Unnamed: 11_level_0 DRtg,Unnamed: 12_level_0 NRtg,Unnamed: 13_level_0 Pace,Unnamed: 14_level_0 FTr,Unnamed: 15_level_0 3PAr,Unnamed: 16_level_0 TS%,Unnamed: 17_level_0 Unnamed: 17_level_1,Offense Four Factors eFG%,Offense Four Factors TOV%,Offense Four Factors ORB%,Offense Four Factors FT/FGA,Unnamed: 22_level_0 Unnamed: 22_level_1,Defense Four Factors eFG%,Defense Four Factors TOV%,Defense Four Factors DRB%,Defense Four Factors FT/FGA,Unnamed: 27_level_0 Unnamed: 27_level_1,Unnamed: 28_level_0 Arena,Unnamed: 29_level_0 Attend.,Unnamed: 30_level_0 Attend./G,Season
1,Orlando Magic*,27.9,59,23,61,21,7.49,-0.37,7.12,111.4,103.3,+8.1,92.0,.340,.350,.573,,.536,13.6,24.6,.246,,.477,12.2,77.4,.205,,Amway Arena,715901,17461,2009-10
2,Cleveland Cavaliers*,28.0,61,21,59,23,6.52,-0.36,6.17,111.2,104.1,+7.1,91.4,.341,.248,.570,,.532,13.4,25.1,.246,,.482,12.3,77.2,.218,,Quicken Loans Arena,843042,20562,2009-10
3,Utah Jazz*,25.6,53,29,55,27,5.34,-0.01,5.33,110.7,105.0,+5.7,93.8,.340,.184,.565,,.524,14.2,26.8,.252,,.492,14.2,75.6,.269,,EnergySolutions Arena,794512,19378,2009-10
4,San Antonio Spurs*,28.7,50,32,55,27,5.09,-0.02,5.07,110.0,104.5,+5.5,91.7,.296,.232,.552,,.515,12.9,26.8,.219,,.483,12.1,76.3,.214,,AT&T Center,741676,18090,2009-10
5,Atlanta Hawks*,26.5,53,29,54,28,4.66,-0.22,4.44,111.9,106.7,+5.2,90.1,.281,.214,.545,,.506,11.4,28.2,.213,,.496,13.2,72.7,.208,,Philips Arena,678375,16546,2009-10
6,Phoenix Suns*,28.5,54,28,54,28,4.90,-0.23,4.67,115.3,110.2,+5.1,95.3,.312,.261,.585,,.546,13.6,27.6,.240,,.491,11.6,70.8,.224,,US Airways Center,723582,17648,2009-10
7,Los Angeles Lakers*,28.4,57,25,54,28,4.72,0.06,4.78,108.8,103.7,+5.1,92.8,.289,.227,.538,,.496,12.4,27.6,.221,,.484,13.2,74.4,.195,,STAPLES Center,778877,18997,2009-10
8,Denver Nuggets*,27.7,53,29,52,30,4.09,0.06,4.15,111.8,107.5,+4.3,94.8,.376,.227,.561,,.509,12.7,26.1,.290,,.495,13.8,72.4,.251,,Pepsi Center,737301,17983,2009-10
9,Boston Celtics*,29.4,50,32,52,30,3.66,-0.29,3.37,107.7,103.8,+3.9,91.6,.332,.228,.564,,.522,14.5,22.8,.248,,.487,14.9,73.8,.251,,TD Garden,763584,18624,2009-10
10,Portland Trail Blazers*,26.6,50,32,51,31,3.30,-0.13,3.18,110.8,107.1,+3.7,87.7,.315,.215,.547,,.499,12.1,28.2,.249,,.502,13.3,74.8,.219,,Rose Garden Arena,840371,20497,2009-10
,,,,,,,,,,,,,,,,,,Offense Four Factors,Offense Four Factors,Offense Four Factors,Offense Four Factors,,Defense Four Factors,Defense Four Factors,Defense Four Factors,Defense Four Factors,,,,,2009-10
Rk,Team,Age,W,L,PW,PL,MOV,SOS,SRS,ORtg,DRtg,NRtg,Pace,FTr,3PAr,TS%,,eFG%,TOV%,ORB%,FT/FGA,,eFG%,TOV%,DRB%,FT/FGA,,Arena,Attend.,Attend./G,2009-10
11,Oklahoma City Thunder*,23.2,50,32,51,31,3.49,0.06,3.55,108.3,104.6,+3.7,93.1,.333,.185,.547,,.494,13.9,28.6,.268,,.483,14.0,73.6,.229,,Oklahoma City Arena,738149,18004,2009-10
12,Dallas Mavericks*,30.7,55,27,49,33,2.72,-0.06,2.66,109.2,106.3,+2.9,92.5,.277,.222,.552,,.506,12.3,24.3,.226,,.495,13.6,73.7,.206,,American Airlines Center,819770,19994,2009-10
13,Miami Heat*,27.1,47,35,48,34,2.28,-0.29,1.99,106.6,104.1,+2.5,89.6,.296,.219,.537,,.496,12.8,26.1,.223,,.480,13.9,74.9,.246,,AmericanAirlines Arena,726935,17730,2009-10
14,Milwaukee Bucks*,26.4,46,36,46,36,1.70,-0.32,1.37,104.9,103.1,+1.8,91.7,.239,.259,.518,,.482,12.3,26.2,.181,,.486,14.6,76.4,.266,,Bradley Center,619453,15109,2009-10
15,Charlotte Bobcats*,27.4,44,38,45,37,1.46,-0.17,1.30,104.4,102.8,+1.6,90.4,.346,.211,.538,,.490,15.1,26.5,.260,,.491,14.7,74.2,.194,,Time Warner Cable Arena,648520,15818,2009-10
16,Houston Rockets,26.0,42,40,40,42,-0.37,0.35,-0.02,107.6,108.0,-0.4,94.0,.292,.265,.537,,.494,13.2,26.9,.225,,.511,13.6,73.8,.215,,Toyota Center,677658,16528,2009-10
17,Memphis Grizzlies,24.1,40,42,37,45,-1.51,0.13,-1.39,108.3,109.9,-1.6,93.6,.320,.148,.536,,.494,13.7,31.3,.235,,.520,13.2,73.3,.205,,FedEx Forum,552914,13486,2009-10
18,Chicago Bulls*,26.2,41,41,36,46,-1.63,0.00,-1.64,103.5,105.3,-1.8,93.1,.287,.156,.520,,.477,13.3,26.6,.217,,.484,12.3,74.8,.212,,United Center,849760,20726,2009-10
19,Toronto Raptors,25.2,40,42,36,46,-1.78,-0.05,-1.83,111.3,113.2,-1.9,93.1,.319,.211,.564,,.521,12.7,24.7,.244,,.513,11.8,72.9,.247,,Air Canada Centre,733784,17897,2009-10
20,New Orleans Hornets,27.5,37,45,34,48,-2.46,0.19,-2.27,107.4,110.1,-2.7,92.6,.243,.230,.543,,.506,12.7,24.8,.189,,.523,13.5,73.8,.205,,New Orleans Arena,617366,15058,2009-10
,,,,,,,,,,,,,,,,,,Offense Four Factors,Offense Four Factors,Offense Four Factors,Offense Four Factors,,Defense Four Factors,Defense Four Factors,Defense Four Factors,Defense Four Factors,,,,,2009-10
Rk,Team,Age,W,L,PW,PL,MOV,SOS,SRS,ORtg,DRtg,NRtg,Pace,FTr,3PAr,TS%,,eFG%,TOV%,ORB%,FT/FGA,,eFG%,TOV%,DRB%,FT/FGA,,Arena,Attend.,Attend./G,2009-10
21,Indiana Pacers,26.6,32,50,33,49,-3.01,-0.10,-3.11,103.7,106.8,-3.1,97.1,.296,.278,.536,,.491,13.8,21.6,.229,,.490,13.4,73.0,.258,,Conseco Fieldhouse,582295,14202,2009-10
22,Golden State Warriors,25.1,26,56,32,50,-3.60,0.32,-3.28,108.1,111.7,-3.6,100.4,.294,.238,.557,,.514,13.1,20.9,.230,,.525,15.1,68.5,.260,,Oracle Arena,739120,18027,2009-10
23,New York Knicks,25.4,29,53,31,51,-3.82,-0.19,-4.01,107.6,111.6,-4.0,94.0,.256,.312,.547,,.509,13.0,23.5,.200,,.526,13.3,72.1,.207,,Madison Square Garden (IV),799550,19501,2009-10
24,Philadelphia 76ers,25.4,27,55,30,52,-3.90,-0.03,-3.93,106.1,110.3,-4.2,91.6,.270,.206,.534,,.496,13.7,27.6,.204,,.518,13.8,73.2,.231,,Wachovia Center,583219,14225,2009-10
25,Sacramento Kings,24.1,25,57,29,53,-4.37,0.30,-4.06,105.3,109.9,-4.6,94.0,.286,.201,.528,,.491,13.6,27.8,.207,,.505,12.6,73.5,.244,,Power Balance Pavilion,543416,13254,2009-10
26,Washington Wizards,27.6,26,56,28,54,-4.78,0.06,-4.72,104.2,109.4,-5.2,91.6,.283,.183,.524,,.481,13.9,27.6,.216,,.502,12.8,72.4,.239,,Verizon Center,664398,16205,2009-10
27,Detroit Pistons,26.7,27,55,26,56,-5.11,0.09,-5.02,105.6,111.4,-5.8,88.5,.303,.180,.515,,.474,12.8,30.3,.220,,.526,14.2,73.4,.264,,The Palace of Auburn Hills,768826,18752,2009-10
28,Los Angeles Clippers,27.3,29,53,24,58,-6.35,0.34,-6.01,103.3,110.1,-6.8,92.6,.283,.221,.529,,.491,14.8,27.1,.206,,.509,12.2,74.0,.214,,STAPLES Center,670063,16343,2009-10
29,Minnesota Timberwolves,24.1,15,67,17,65,-9.60,0.54,-9.06,101.7,111.6,-9.9,96.1,.278,.171,.518,,.478,14.6,26.7,.207,,.525,13.0,73.6,.220,,Target Center,619170,15102,2009-10
30,New Jersey Nets,24.8,12,70,17,65,-9.12,0.19,-8.93,100.6,110.5,-9.9,91.4,.307,.181,.509,,.458,13.7,25.1,.240,,.517,13.3,71.8,.229,,Izod Center,537230,13103,2009-10
1,Miami Heat*,29.0,58,24,61,21,7.46,-0.71,6.76,111.7,103.5,+8.2,90.9,.363,.235,.573,,.524,13.5,25.2,.279,,.475,12.6,75.5,.223,,AmericanAirlines Arena,810930,19779,2010-11
2,Chicago Bulls*,26.4,62,20,61,21,7.32,-0.79,6.53,108.3,100.3,+8.0,90.4,.305,.215,.541,,.501,13.5,29.4,.227,,.463,13.6,76.2,.222,,United Center,893462,21792,2010-11
3,Los Angeles Lakers*,30.2,57,25,58,24,6.11,-0.10,6.01,111.0,104.3,+6.7,90.7,.293,.220,.545,,.502,12.3,29.2,.228,,.477,12.8,72.3,.181,,STAPLES Center,778877,18997,2010-11
4,San Antonio Spurs*,28.8,61,21,56,26,5.71,0.16,5.86,111.8,105.6,+6.2,92.3,.299,.261,.567,,.527,12.8,24.9,.229,,.491,12.6,74.6,.190,,AT&T Center,750879,18314,2010-11
5,Boston Celtics*,29.5,56,26,57,25,5.37,-0.54,4.83,106.2,100.3,+5.9,90.4,.305,.180,.561,,.519,14.5,21.1,.235,,.469,14.8,74.7,.235,,TD Garden,763584,18624,2010-11
6,Orlando Magic*,27.6,52,30,56,26,5.46,-0.54,4.92,107.9,102.0,+5.9,91.2,.328,.328,.554,,.521,14.3,26.1,.227,,.475,13.3,76.9,.219,,Amway Center,777852,18972,2010-11
7,Denver Nuggets*,27.3,50,32,54,28,4.76,0.05,4.81,112.3,107.3,+5.0,95.6,.367,.258,.574,,.526,13.1,23.9,.281,,.500,12.7,75.4,.224,,Pepsi Center,696568,16989,2010-11
8,Dallas Mavericks*,30.9,57,25,53,29,4.23,0.18,4.41,109.7,105.0,+4.7,91.3,.286,.274,.565,,.525,13.6,24.1,.222,,.488,13.0,74.8,.206,,American Airlines Center,824162,20102,2010-11
9,Oklahoma City Thunder*,23.7,55,27,51,31,3.79,0.02,3.81,111.2,107.2,+4.0,92.7,.363,.212,.561,,.501,13.1,27.4,.299,,.493,12.9,73.6,.228,,Chesapeake Energy Arena,744068,18148,2010-11
10,Memphis Grizzlies*,25.2,46,36,48,34,2.34,0.20,2.55,107.6,105.1,+2.5,91.9,.291,.136,.534,,.493,13.0,28.9,.218,,.502,15.7,72.5,.228,,FedEx Forum,600687,14651,2010-11
,,,,,,,,,,,,,,,,,,Offense Four Factors,Offense Four Factors,Offense Four Factors,Offense Four Factors,,Defense Four Factors,Defense Four Factors,Defense Four Factors,Defense Four Factors,,,,,2010-11
Rk,Team,Age,W,L,PW,PL,MOV,SOS,SRS,ORtg,DRtg,NRtg,Pace,FTr,3PAr,TS%,,eFG%,TOV%,ORB%,FT/FGA,,eFG%,TOV%,DRB%,FT/FGA,,Arena,Attend.,Attend./G,2010-11
11,Houston Rockets,26.5,43,39,47,35,2.18,0.19,2.37,111.3,109.0,+2.3,94.2,.299,.264,.550,,.503,12.3,27.4,.239,,.500,12.6,72.7,.219,,Toyota Center,663839,16191,2010-11
12,Portland Trail Blazers*,26.7,48,34,46,36,1.52,0.32,1.85,108.8,107.1,+1.7,87.9,.278,.228,.533,,.486,12.6,29.5,.224,,.510,15.4,72.0,.231,,Rose Garden Arena,840924,20510,2010-11
13,Philadelphia 76ers*,24.7,41,41,45,37,1.50,-0.50,1.01,106.6,105.0,+1.6,91.7,.273,.184,.535,,.494,12.3,24.6,.210,,.487,13.5,74.5,.231,,Wells Fargo Center,604823,14752,2010-11
14,New Orleans Hornets*,26.3,46,36,44,38,0.89,0.39,1.28,106.2,105.2,+1.0,88.7,.296,.192,.537,,.493,12.8,25.1,.226,,.501,14.4,76.2,.220,,New Orleans Arena,603088,14709,2010-11
15,New York Knicks*,25.3,42,40,43,39,0.78,-0.30,0.48,110.9,110.1,+0.8,95.6,.304,.303,.561,,.513,12.6,24.2,.246,,.511,13.8,71.9,.240,,Madison Square Garden (IV),808879,19729,2010-11
16,Milwaukee Bucks,26.7,35,47,38,44,-0.84,-0.17,-1.02,101.6,102.5,-0.9,89.8,.287,.216,.511,,.467,13.0,24.7,.217,,.481,14.7,74.8,.236,,Bradley Center,631912,15412,2010-11
17,Phoenix Suns,29.6,40,42,39,43,-0.89,0.43,-0.46,109.5,110.4,-0.9,94.4,.283,.271,.559,,.522,13.2,23.7,.215,,.513,13.1,71.6,.211,,US Airways Center,720249,17567,2010-11
18,Atlanta Hawks*,27.4,44,38,39,43,-0.82,-0.28,-1.10,106.1,107.0,-0.9,89.3,.269,.222,.542,,.501,13.5,23.4,.209,,.495,12.3,74.6,.211,,Philips Arena,641596,15649,2010-11
19,Indiana Pacers*,25.9,37,45,38,44,-1.07,-0.30,-1.38,104.8,106.0,-1.2,94.7,.300,.244,.533,,.486,14.1,25.9,.235,,.487,12.8,74.1,.237,,Conseco Fieldhouse,555077,13538,2010-11
20,Utah Jazz,26.8,39,43,36,46,-1.83,0.39,-1.44,108.1,110.1,-2.0,91.0,.313,.191,.544,,.498,13.5,27.0,.241,,.505,13.8,71.7,.275,,EnergySolutions Arena,799982,19512,2010-11
,,,,,,,,,,,,,,,,,,Offense Four Factors,Offense Four Factors,Offense Four Factors,Offense Four Factors,,Defense Four Factors,Defense Four Factors,Defense Four Factors,Defense Four Factors,,,,,2010-11
Rk,Team,Age,W,L,PW,PL,MOV,SOS,SRS,ORtg,DRtg,NRtg,Pace,FTr,3PAr,TS%,,eFG%,TOV%,ORB%,FT/FGA,,eFG%,TOV%,DRB%,FT/FGA,,Arena,Attend.,Attend./G,2010-11
21,Golden State Warriors,25.2,36,46,35,47,-2.33,0.33,-2.00,108.2,110.7,-2.5,94.8,.241,.248,.544,,.510,13.3,26.7,.183,,.509,14.5,69.3,.259,,Oracle Arena,766398,18693,2010-11
22,Los Angeles Clippers,24.6,32,50,32,50,-3.13,0.42,-2.71,105.3,108.7,-3.4,92.8,.332,.230,.535,,.496,15.1,28.4,.234,,.499,12.8,73.2,.250,,STAPLES Center,727462,17743,2010-11
23,Detroit Pistons,27.2,30,52,31,51,-3.60,-0.18,-3.78,107.7,111.7,-4.0,89.2,.279,.189,.533,,.495,12.5,27.4,.206,,.526,13.8,72.1,.235,,The Palace of Auburn Hills,683080,16660,2010-11
24,Charlotte Bobcats,26.9,34,48,29,53,-4.00,-0.08,-4.08,103.4,107.8,-4.4,89.6,.314,.189,.528,,.482,14.1,25.7,.237,,.500,12.9,75.2,.229,,Time Warner Cable Arena,649694,15846,2010-11
25,Sacramento Kings,24.8,24,58,27,55,-5.34,0.54,-4.80,103.5,109.0,-5.5,95.2,.284,.183,.519,,.480,14.4,29.9,.208,,.513,13.5,74.4,.233,,Power Balance Pavilion,569496,13890,2010-11
26,New Jersey Nets,24.8,24,58,24,58,-6.24,-0.04,-6.28,103.1,109.9,-6.8,89.9,.283,.201,.517,,.474,13.4,26.1,.215,,.503,11.8,74.2,.241,,Prudential Center,581378,13949,2010-11
27,Toronto Raptors,24.5,22,60,24,58,-6.28,0.01,-6.28,106.1,112.9,-6.8,92.9,.293,.162,.533,,.491,13.7,28.2,.221,,.522,13.0,72.0,.251,,Air Canada Centre,680255,16592,2010-11
28,Minnesota Timberwolves,23.8,17,65,24,58,-6.63,0.67,-5.97,104.2,111.1,-6.9,96.5,.282,.223,.526,,.483,15.1,29.6,.217,,.514,13.1,73.7,.251,,Target Center,624960,15243,2010-11
29,Washington Wizards,24.9,23,59,22,60,-7.40,0.11,-7.30,102.4,110.2,-7.8,93.8,.290,.172,.513,,.471,13.9,28.0,.216,,.512,14.4,70.5,.249,,Verizon Center,688466,16792,2010-11
30,Cleveland Cavaliers,26.6,19,63,18,64,-9.01,0.14,-8.88,102.2,111.8,-9.6,93.0,.312,.224,.518,,.472,13.4,24.2,.233,,.524,12.7,73.3,.211,,Quicken Loans Arena,824595,20112,2010-11
1,Chicago Bulls*,27.1,50,16,51,15,8.18,-0.76,7.43,107.4,98.3,+9.1,89.1,.255,.205,.523,,.490,13.2,32.6,.184,,.450,12.8,74.3,.175,,United Center,731326,22161,2011-12
2,San Antonio Spurs*,27.5,50,16,48,18,7.17,0.11,7.28,110.9,103.2,+7.7,92.9,.261,.257,.562,,.528,12.8,25.1,.195,,.489,12.9,76.0,.168,,AT&T Center,607095,18397,2011-12
3,Oklahoma City Thunder*,25.1,47,19,46,20,6.12,0.32,6.44,109.8,103.2,+6.6,93.0,.334,.252,.567,,.516,15.3,27.8,.269,,.465,13.0,72.1,.207,,Chesapeake Energy Arena,600699,18203,2011-12
4,Miami Heat*,28.3,46,20,47,19,5.98,-0.27,5.72,106.6,100.2,+6.4,91.2,.307,.198,.549,,.505,14.5,26.6,.238,,.479,15.8,73.9,.200,,AmericanAirlines Arena,657855,19935,2011-12
5,Philadelphia 76ers*,24.9,35,31,43,23,4.24,-0.65,3.59,103.9,99.2,+4.7,89.7,.217,.175,.511,,.480,10.9,24.4,.161,,.460,13.5,75.2,.192,,Wells Fargo Center,577597,17503,2011-12
6,Atlanta Hawks*,27.9,40,26,41,25,3.44,-0.77,2.67,104.9,101.2,+3.7,90.2,.259,.249,.535,,.500,13.4,23.9,.192,,.480,14.4,74.4,.186,,Philips Arena,501593,15200,2011-12
7,Indiana Pacers*,26.3,42,24,41,25,3.30,-0.71,2.60,106.7,103.1,+3.6,90.7,.321,.198,.526,,.474,13.1,29.2,.251,,.476,14.1,72.3,.222,,Bankers Life Fieldhouse,467561,14169,2011-12
8,New York Knicks*,26.3,36,30,41,25,3.20,-0.81,2.39,104.4,101.0,+3.4,93.2,.306,.288,.533,,.492,14.9,26.6,.227,,.485,15.9,73.7,.224,,Madison Square Garden (IV),652179,19763,2011-12
9,Denver Nuggets*,26.6,38,28,39,27,2.88,0.29,3.16,109.2,106.2,+3.0,94.2,.326,.243,.556,,.516,14.1,27.7,.239,,.508,14.3,74.3,.185,,Pepsi Center,561966,17029,2011-12
10,Boston Celtics*,29.3,39,27,39,27,2.52,-0.26,2.26,101.0,98.2,+2.8,90.4,.257,.194,.535,,.496,14.7,19.7,.200,,.452,14.9,72.4,.216,,TD Garden,614592,18624,2011-12
,,,,,,,,,,,,,,,,,,Offense Four Factors,Offense Four Factors,Offense Four Factors,Offense Four Factors,,Defense Four Factors,Defense Four Factors,Defense Four Factors,Defense Four Factors,,,,,2011-12
Rk,Team,Age,W,L,PW,PL,MOV,SOS,SRS,ORtg,DRtg,NRtg,Pace,FTr,3PAr,TS%,,eFG%,TOV%,ORB%,FT/FGA,,eFG%,TOV%,DRB%,FT/FGA,,Arena,Attend.,Attend./G,2011-12
11,Los Angeles Clippers*,27.3,40,26,39,27,2.56,0.26,2.82,108.5,105.7,+2.8,89.2,.287,.269,.533,,.502,12.7,29.5,.195,,.492,14.2,73.2,.245,,STAPLES Center,634237,19219,2011-12
12,Memphis Grizzlies*,25.6,41,25,38,28,2.02,0.42,2.43,104.0,101.8,+2.2,90.8,.277,.157,.515,,.473,13.6,29.8,.211,,.485,16.3,72.7,.227,,FedEx Forum,518446,15710,2011-12
13,Los Angeles Lakers*,29.7,41,25,36,30,1.42,0.54,1.96,106.0,104.4,+1.6,90.5,.299,.209,.534,,.491,14.2,29.1,.226,,.476,10.7,74.8,.158,,STAPLES Center,626901,18997,2011-12
14,Dallas Mavericks*,31.3,36,30,35,31,0.95,0.83,1.78,103.3,102.3,+1.0,91.4,.246,.271,.527,,.489,13.4,23.4,.190,,.479,13.9,74.8,.203,,American Airlines Center,671050,20335,2011-12
15,Orlando Magic*,27.5,37,29,35,31,0.79,-0.33,0.46,105.0,104.1,+0.9,89.0,.292,.346,.533,,.506,14.5,26.5,.193,,.488,12.9,75.5,.190,,Amway Center,623587,18897,2011-12
16,Utah Jazz*,25.6,36,30,34,32,0.62,0.30,0.92,106.8,106.1,+0.7,91.4,.302,.153,.525,,.481,13.0,30.2,.227,,.493,13.8,73.8,.245,,EnergySolutions Arena,637124,19307,2011-12
17,Milwaukee Bucks,26.2,31,35,34,32,0.27,-0.50,-0.23,105.5,105.2,+0.3,93.7,.250,.224,.521,,.481,12.9,27.7,.194,,.489,14.6,70.9,.217,,Bradley Center,485717,14719,2011-12
18,Houston Rockets,26.2,34,32,34,32,0.23,0.35,0.57,105.5,105.2,+0.3,91.7,.235,.240,.529,,.492,13.5,27.5,.184,,.490,13.8,73.4,.210,,Toyota Center,506994,15363,2011-12
19,Phoenix Suns,28.9,33,33,32,34,-0.24,0.53,0.29,106.2,106.5,-0.3,92.6,.257,.238,.536,,.499,13.3,25.8,.194,,.491,13.1,71.7,.200,,US Airways Center,514718,15598,2011-12
20,Portland Trail Blazers,27.5,28,38,32,34,-0.62,0.41,-0.22,105.7,106.4,-0.7,91.2,.263,.255,.531,,.488,13.4,26.3,.209,,.504,14.1,72.8,.199,,Rose Garden Arena,676384,20496,2011-12
,,,,,,,,,,,,,,,,,,Offense Four Factors,Offense Four Factors,Offense Four Factors,Offense Four Factors,,Defense Four Factors,Defense Four Factors,Defense Four Factors,Defense Four Factors,,,,,2011-12
Rk,Team,Age,W,L,PW,PL,MOV,SOS,SRS,ORtg,DRtg,NRtg,Pace,FTr,3PAr,TS%,,eFG%,TOV%,ORB%,FT/FGA,,eFG%,TOV%,DRB%,FT/FGA,,Arena,Attend.,Attend./G,2011-12
21,Minnesota Timberwolves,24.4,26,40,28,38,-2.20,0.37,-1.83,104.3,106.6,-2.3,93.3,.306,.262,.524,,.477,14.0,27.5,.236,,.491,12.2,73.0,.187,,Target Center,577197,17491,2011-12
22,Golden State Warriors,25.3,23,43,25,41,-3.41,0.62,-2.79,105.4,109.1,-3.7,92.3,.227,.248,.539,,.505,13.3,22.9,.175,,.496,13.6,69.1,.237,,Oracle Arena,622311,18858,2011-12
23,Toronto Raptors,25.7,23,43,25,41,-3.30,-0.36,-3.67,100.8,104.5,-3.7,89.3,.274,.209,.518,,.475,14.8,25.9,.211,,.475,12.8,75.4,.260,,Air Canada Centre,555584,16836,2011-12
24,New Orleans Hornets,25.5,21,45,24,42,-3.76,0.65,-3.11,100.9,105.1,-4.2,88.3,.274,.152,.517,,.476,15.2,27.5,.207,,.485,13.5,73.1,.218,,New Orleans Arena,498618,15110,2011-12
25,Washington Wizards,24.2,20,46,22,44,-4.80,-0.34,-5.14,101.0,106.2,-5.2,92.5,.253,.196,.508,,.472,14.2,27.3,.184,,.492,14.2,70.9,.229,,Verizon Center,552038,16728,2011-12
26,Detroit Pistons,26.3,25,41,22,44,-4.79,-0.40,-5.19,101.0,106.3,-5.3,89.2,.279,.175,.510,,.468,15.0,28.1,.210,,.500,14.2,72.8,.226,,The Palace of Auburn Hills,475638,14413,2011-12
27,Sacramento Kings,24.3,22,44,21,45,-5.68,0.73,-4.95,103.8,109.8,-6.0,94.7,.268,.228,.510,,.472,13.0,29.1,.197,,.515,13.9,70.5,.199,,Power Balance Pavilion,478764,14508,2011-12
28,New Jersey Nets,26.1,22,44,19,47,-5.98,-0.39,-6.37,102.9,109.6,-6.7,90.1,.269,.278,.516,,.473,14.3,27.8,.209,,.513,13.7,70.7,.209,,Prudential Center,460719,13961,2011-12
29,Cleveland Cavaliers,26.0,21,45,17,49,-7.20,-0.14,-7.34,101.1,108.9,-7.8,91.3,.307,.238,.505,,.463,14.3,28.9,.220,,.508,13.1,72.2,.202,,Quicken Loans Arena,525577,15927,2011-12
30,Charlotte Bobcats,24.5,7,59,7,59,-13.91,-0.05,-13.96,95.2,110.4,-15.2,91.1,.276,.169,.483,,.439,13.9,23.6,.206,,.512,12.8,70.9,.206,,Time Warner Cable Arena,486984,14757,2011-12
1,Oklahoma City Thunder*,26.0,60,22,64,18,9.21,-0.06,9.15,112.4,102.6,+9.8,93.3,.338,.244,.580,,.527,14.4,26.7,.280,,.469,13.5,73.4,.197,,Chesapeake Energy Arena,746323,18203,2012-13
2,Miami Heat*,30.3,66,16,62,20,7.87,-0.84,7.03,112.3,103.7,+8.6,90.7,.297,.285,.588,,.552,13.7,22.2,.224,,.487,14.8,73.0,.200,,AmericanAirlines Arena,819290,19983,2012-13
3,Los Angeles Clippers*,28.8,56,26,59,23,6.45,-0.02,6.43,110.6,103.6,+7.0,91.1,.286,.265,.557,,.526,13.9,28.8,.203,,.492,15.4,73.5,.229,,STAPLES Center,788293,19227,2012-13
4,San Antonio Spurs*,28.6,58,24,58,24,6.40,0.27,6.67,108.3,101.6,+6.7,94.2,.258,.264,.568,,.531,14.0,20.5,.204,,.480,13.7,74.9,.179,,AT&T Center,755700,18432,2012-13
5,Denver Nuggets*,26.1,57,25,55,27,5.09,0.28,5.37,110.4,105.1,+5.3,95.1,.308,.217,.549,,.515,13.6,31.4,.216,,.493,14.3,71.8,.193,,Pepsi Center,730616,17820,2012-13
6,New York Knicks*,30.2,54,28,53,29,4.23,-0.50,3.73,111.1,106.3,+4.8,89.8,.258,.354,.550,,.515,11.7,25.6,.196,,.508,14.8,74.7,.216,,Madison Square Garden (IV),780353,19033,2012-13
7,Memphis Grizzlies*,27.0,56,26,54,28,4.15,0.18,4.32,104.9,100.3,+4.6,88.4,.261,.166,.514,,.472,13.3,31.0,.202,,.475,15.2,74.3,.209,,FedEx Forum,681613,16625,2012-13
8,Indiana Pacers*,25.7,49,32,52,29,4.02,-0.69,3.34,104.3,99.8,+4.5,90.2,.293,.245,.521,,.479,14.3,30.3,.219,,.453,12.9,74.6,.197,,Bankers Life Fieldhouse,626069,15270,2012-13
9,Houston Rockets*,24.4,45,37,50,32,3.48,0.22,3.69,109.7,106.1,+3.6,96.1,.308,.349,.564,,.525,14.9,26.4,.232,,.502,13.5,75.2,.196,,Toyota Center,683564,16672,2012-13
10,Brooklyn Nets*,28.6,49,33,46,36,1.78,-0.53,1.25,108.2,106.2,+2.0,88.8,.299,.269,.536,,.498,14.0,30.9,.219,,.503,13.1,73.7,.174,,Barclays Center,704702,17188,2012-13
,,,,,,,,,,,,,,,,,,Offense Four Factors,Offense Four Factors,Offense Four Factors,Offense Four Factors,,Defense Four Factors,Defense Four Factors,Defense Four Factors,Defense Four Factors,,,,,2012-13
Rk,Team,Age,W,L,PW,PL,MOV,SOS,SRS,ORtg,DRtg,NRtg,Pace,FTr,3PAr,TS%,,eFG%,TOV%,ORB%,FT/FGA,,eFG%,TOV%,DRB%,FT/FGA,,Arena,Attend.,Attend./G,2012-13
11,Los Angeles Lakers*,30.7,45,37,44,38,1.16,0.32,1.48,107.8,106.6,+1.2,94.4,.345,.303,.548,,.512,13.9,27.0,.239,,.496,11.9,74.3,.163,,STAPLES Center,778877,18997,2012-13
12,Golden State Warriors*,25.3,47,35,44,38,0.89,0.42,1.32,106.4,105.5,+0.9,94.5,.255,.239,.545,,.506,14.0,25.4,.201,,.486,12.4,75.5,.211,,Oracle Arena,794320,19374,2012-13
13,Atlanta Hawks*,27.1,44,38,42,40,0.40,-0.48,-0.08,104.8,104.4,+0.4,92.6,.244,.286,.546,,.517,14.2,22.2,.174,,.496,14.2,73.6,.181,,Philips Arena,620146,15126,2012-13
14,Chicago Bulls*,28.0,45,37,42,40,0.32,-0.33,-0.02,103.5,103.2,+0.3,89.3,.259,.189,.512,,.470,13.6,29.4,.201,,.477,13.2,73.6,.206,,United Center,896944,21877,2012-13
15,Utah Jazz,26.3,43,39,41,41,-0.09,0.38,0.30,106.7,106.8,-0.1,90.9,.281,.206,.533,,.492,13.8,28.8,.214,,.501,14.0,73.2,.226,,EnergySolutions Arena,763915,18632,2012-13
16,Boston Celtics*,29.1,41,40,40,41,-0.22,-0.40,-0.62,103.1,103.3,-0.2,91.7,.263,.215,.542,,.503,14.1,20.1,.204,,.482,14.2,73.3,.216,,TD Garden,744960,18624,2012-13
17,Dallas Mavericks,29.5,41,41,39,43,-0.60,0.36,-0.24,105.9,106.5,-0.6,94.1,.242,.236,.544,,.506,13.0,21.8,.192,,.492,13.3,73.1,.227,,American Airlines Center,821490,20036,2012-13
18,Milwaukee Bucks*,26.4,38,44,37,45,-1.50,-0.33,-1.83,103.6,105.2,-1.6,94.7,.236,.232,.510,,.476,12.7,27.9,.174,,.492,14.4,71.3,.201,,BMO Harris Bradley Center,616469,15036,2012-13
19,Toronto Raptors,25.4,34,48,37,45,-1.48,-0.48,-1.96,105.9,107.5,-1.6,90.4,.274,.249,.532,,.488,13.0,25.5,.216,,.500,13.6,73.4,.247,,Air Canada Centre,743936,18145,2012-13
20,Minnesota Timberwolves,26.4,31,51,34,48,-2.37,0.54,-1.83,102.9,105.4,-2.5,92.8,.305,.220,.516,,.473,13.8,27.4,.226,,.511,15.0,74.0,.187,,Target Center,669956,16340,2012-13
,,,,,,,,,,,,,,,,,,Offense Four Factors,Offense Four Factors,Offense Four Factors,Offense Four Factors,,Defense Four Factors,Defense Four Factors,Defense Four Factors,Defense Four Factors,,,,,2012-13
Rk,Team,Age,W,L,PW,PL,MOV,SOS,SRS,ORtg,DRtg,NRtg,Pace,FTr,3PAr,TS%,,eFG%,TOV%,ORB%,FT/FGA,,eFG%,TOV%,DRB%,FT/FGA,,Arena,Attend.,Attend./G,2012-13
21,Washington Wizards,25.4,29,53,33,49,-2.54,-0.25,-2.78,100.2,103.0,-2.8,92.2,.261,.223,.512,,.475,14.2,24.6,.191,,.483,13.7,74.6,.206,,Verizon Center,670070,16343,2012-13
22,Portland Trail Blazers,24.4,33,49,32,50,-3.17,0.65,-2.53,105.8,109.2,-3.4,91.4,.250,.284,.536,,.498,13.9,25.3,.194,,.512,12.5,73.3,.189,,Rose Garden Arena,813012,19830,2012-13
23,Philadelphia 76ers,25.2,34,48,31,51,-3.34,-0.17,-3.51,102.0,105.7,-3.7,91.0,.200,.209,.509,,.481,12.5,24.9,.146,,.495,13.7,73.4,.200,,Wells Fargo Center,685412,16717,2012-13
24,Detroit Pistons,25.3,29,53,29,53,-3.99,-0.34,-4.33,103.8,108.1,-4.3,90.8,.282,.217,.521,,.487,14.3,28.3,.197,,.505,13.1,73.0,.209,,The Palace of Auburn Hills,606094,14685,2012-13
25,New Orleans Hornets,24.0,27,55,30,52,-3.87,0.75,-3.12,105.7,110.1,-4.4,88.5,.248,.224,.528,,.489,14.0,29.2,.193,,.520,13.1,74.4,.208,,New Orleans Arena,565930,13803,2012-13
26,Cleveland Cavaliers,24.1,24,58,28,54,-4.68,-0.19,-4.87,104.3,109.4,-5.1,92.3,.265,.229,.514,,.473,13.0,28.1,.200,,.523,14.4,72.6,.225,,Quicken Loans Arena,663882,16192,2012-13
27,Sacramento Kings,25.6,28,54,28,54,-4.88,0.62,-4.26,106.2,111.4,-5.2,93.6,.271,.243,.532,,.491,13.4,26.6,.208,,.517,13.6,71.0,.227,,Sleep Train Arena,563743,13750,2012-13
28,Phoenix Suns,26.9,25,57,23,59,-6.46,0.71,-5.75,101.2,108.1,-6.9,93.4,.234,.210,.512,,.477,14.3,27.0,.174,,.512,14.2,71.9,.208,,US Airways Center,632913,15437,2012-13
29,Orlando Magic,24.6,20,62,22,60,-6.99,-0.14,-7.12,101.6,109.1,-7.5,92.2,.197,.223,.514,,.485,13.7,25.4,.149,,.508,11.8,74.6,.195,,Amway Center,722716,17627,2012-13
30,Charlotte Bobcats,24.4,21,61,17,65,-9.23,-0.06,-9.29,101.5,111.5,-10.0,91.5,.310,.210,.507,,.460,13.2,25.7,.233,,.524,13.2,71.1,.197,,Time Warner Cable Arena,628293,15324,2012-13
1,San Antonio Spurs*,28.9,62,20,61,21,7.72,0.28,8.00,110.5,102.4,+8.1,95.0,.240,.257,.571,,.537,13.5,22.7,.188,,.482,12.8,76.4,.184,,AT&T Center,755031,18415,2013-14
2,Los Angeles Clippers*,28.1,57,25,59,23,6.98,0.30,7.27,112.1,104.8,+7.3,95.9,.353,.291,.567,,.526,12.7,25.0,.258,,.484,13.8,72.5,.222,,STAPLES Center,787692,19212,2013-14
3,Oklahoma City Thunder*,26.2,59,23,58,24,6.34,0.32,6.66,110.5,103.9,+6.6,95.4,.303,.271,.566,,.520,14.0,26.5,.244,,.488,13.9,75.6,.221,,Chesapeake Energy Arena,746323,18203,2013-14
4,Miami Heat*,30.6,54,28,54,28,4.76,-0.61,4.15,110.9,105.8,+5.1,91.2,.300,.292,.590,,.554,14.6,20.6,.228,,.511,15.8,73.0,.212,,AmericanAirlines Arena,811036,19781,2013-14
5,Golden State Warriors*,26.3,51,31,54,28,4.80,0.34,5.15,107.5,102.6,+4.9,96.2,.247,.291,.550,,.517,13.8,25.1,.186,,.477,13.6,76.3,.224,,Oracle Arena,803436,19596,2013-14
6,Indiana Pacers*,27.2,56,26,54,28,4.40,-0.77,3.63,104.1,99.3,+4.8,92.5,.290,.235,.535,,.490,14.3,24.9,.226,,.460,12.9,76.8,.197,,Bankers Life Fieldhouse,717542,17501,2013-14
7,Houston Rockets*,25.4,54,28,53,29,4.56,0.50,5.06,111.0,106.3,+4.7,96.3,.386,.330,.571,,.531,14.6,27.4,.275,,.489,12.5,74.1,.193,,Toyota Center,743082,18124,2013-14
8,Portland Trail Blazers*,25.8,54,28,52,30,3.99,0.45,4.44,111.5,107.4,+4.1,94.9,.270,.290,.548,,.504,12.4,28.0,.220,,.488,10.9,74.7,.194,,Moda Center,809612,19747,2013-14
9,Toronto Raptors*,25.6,48,34,50,32,3.24,-0.69,2.55,108.8,105.3,+3.5,91.8,.306,.285,.545,,.498,13.2,27.2,.239,,.493,14.1,74.9,.237,,Air Canada Centre,748339,18252,2013-14
10,Phoenix Suns,26.2,48,34,48,34,2.63,0.39,3.02,109.5,106.7,+2.8,95.8,.293,.300,.558,,.519,14.0,26.4,.222,,.496,13.9,73.7,.237,,US Airways Center,650739,15872,2013-14
,,,,,,,,,,,,,,,,,,Offense Four Factors,Offense Four Factors,Offense Four Factors,Offense Four Factors,,Defense Four Factors,Defense Four Factors,Defense Four Factors,Defense Four Factors,,,,,2013-14
Rk,Team,Age,W,L,PW,PL,MOV,SOS,SRS,ORtg,DRtg,NRtg,Pace,FTr,3PAr,TS%,,eFG%,TOV%,ORB%,FT/FGA,,eFG%,TOV%,DRB%,FT/FGA,,Arena,Attend.,Attend./G,2013-14
11,Minnesota Timberwolves,26.3,40,42,48,34,2.67,0.43,3.10,108.9,106.2,+2.7,97.3,.321,.245,.535,,.486,12.2,27.4,.249,,.518,14.8,74.4,.177,,Target Center,597157,14565,2013-14
12,Dallas Mavericks*,30.6,49,33,48,34,2.40,0.50,2.91,111.2,108.7,+2.5,93.5,.253,.274,.564,,.526,12.7,24.6,.201,,.515,14.8,72.7,.229,,American Airlines Center,817982,19951,2013-14
13,Chicago Bulls*,28.6,48,34,47,35,1.85,-0.66,1.20,102.5,100.5,+2.0,90.2,.290,.222,.518,,.471,14.2,27.2,.226,,.471,13.7,75.4,.189,,United Center,890370,21716,2013-14
14,Memphis Grizzlies*,28.5,50,32,46,36,1.57,0.61,2.18,106.3,104.6,+1.7,89.9,.248,.171,.529,,.494,13.1,28.3,.184,,.497,13.8,75.7,.199,,FedEx Forum,685458,16718,2013-14
15,Washington Wizards*,26.3,44,38,45,37,1.27,-0.79,0.48,106.0,104.6,+1.4,93.2,.248,.246,.538,,.506,13.6,25.2,.181,,.504,15.0,75.7,.220,,Verizon Center,698068,17026,2013-14
16,Charlotte Bobcats*,25.5,43,39,40,42,-0.22,-0.67,-0.89,103.6,103.8,-0.2,92.4,.297,.219,.522,,.481,11.7,21.9,.219,,.491,12.6,77.6,.183,,Time Warner Cable Arena,636268,15519,2013-14
17,Atlanta Hawks*,27.5,38,44,40,42,-0.48,-0.40,-0.88,105.9,106.4,-0.5,94.6,.266,.316,.554,,.515,14.3,21.0,.208,,.510,14.0,74.4,.196,,Philips Arena,587927,14231,2013-14
18,New York Knicks,28.3,37,45,39,43,-0.79,-0.61,-1.40,108.3,109.1,-0.8,90.3,.248,.302,.541,,.505,12.5,25.1,.189,,.514,14.0,74.3,.245,,Madison Square Garden (IV),812292,19812,2013-14
19,Brooklyn Nets*,30.0,44,38,38,44,-1.00,-0.58,-1.58,106.7,107.7,-1.0,91.4,.313,.301,.555,,.514,14.1,21.7,.236,,.509,14.9,72.3,.236,,Barclays Center,707331,17252,2013-14
20,Denver Nuggets,26.0,36,46,35,47,-2.15,0.75,-1.40,106.0,108.2,-2.2,98.1,.306,.278,.536,,.497,14.0,27.5,.222,,.500,12.8,74.5,.233,,Pepsi Center,692898,16900,2013-14
,,,,,,,,,,,,,,,,,,Offense Four Factors,Offense Four Factors,Offense Four Factors,Offense Four Factors,,Defense Four Factors,Defense Four Factors,Defense Four Factors,Defense Four Factors,,,,,2013-14
Rk,Team,Age,W,L,PW,PL,MOV,SOS,SRS,ORtg,DRtg,NRtg,Pace,FTr,3PAr,TS%,,eFG%,TOV%,ORB%,FT/FGA,,eFG%,TOV%,DRB%,FT/FGA,,Arena,Attend.,Attend./G,2013-14
21,New Orleans Pelicans,24.3,34,48,33,49,-2.71,0.73,-1.98,107.2,110.1,-2.9,92.2,.286,.193,.537,,.495,12.9,26.9,.220,,.515,13.6,73.8,.249,,Smoothie King Center,672029,16391,2013-14
22,Sacramento Kings,24.9,28,54,33,49,-2.90,0.82,-2.08,105.7,108.8,-3.1,94.4,.331,.218,.532,,.484,13.9,27.8,.251,,.512,12.7,76.6,.234,,Sleep Train Arena,667949,16291,2013-14
23,Cleveland Cavaliers,24.9,33,49,32,50,-3.29,-0.57,-3.86,104.2,107.7,-3.5,93.1,.268,.236,.518,,.479,13.0,27.2,.201,,.508,13.0,75.8,.199,,Quicken Loans Arena,710522,17330,2013-14
24,Detroit Pistons,24.7,29,53,31,51,-3.66,-0.48,-4.13,105.9,109.7,-3.8,94.9,.296,.222,.514,,.482,12.9,31.4,.199,,.520,13.8,73.4,.218,,The Palace of Auburn Hills,616005,15025,2013-14
25,Boston Celtics,25.4,25,57,28,54,-4.46,-0.51,-4.97,102.9,107.7,-4.8,93.3,.248,.251,.517,,.477,14.2,27.4,.193,,.505,13.4,74.2,.227,,TD Garden,742400,18107,2013-14
26,Orlando Magic,24.6,23,59,26,56,-5.44,-0.44,-5.88,101.7,107.4,-5.7,93.6,.253,.235,.525,,.487,13.9,22.4,.193,,.504,13.0,75.5,.211,,Amway Center,666046,16245,2013-14
27,Los Angeles Lakers,26.8,27,55,25,57,-6.29,0.96,-5.33,104.2,110.6,-6.4,98.7,.263,.291,.542,,.505,13.7,20.2,.199,,.513,12.4,71.0,.192,,STAPLES Center,771974,18829,2013-14
28,Utah Jazz,24.5,25,57,22,60,-7.17,0.91,-6.27,103.5,111.3,-7.8,91.4,.271,.237,.523,,.484,13.9,25.5,.202,,.518,12.1,74.5,.227,,EnergySolutions Arena,745203,18176,2013-14
29,Milwaukee Bucks,24.7,15,67,20,62,-8.18,-0.23,-8.41,103.0,111.8,-8.8,91.8,.274,.231,.519,,.479,14.1,27.1,.204,,.520,13.2,71.4,.225,,BMO Harris Bradley Center,552067,13465,2013-14
30,Philadelphia 76ers,23.4,19,63,16,66,-10.45,-0.21,-10.66,99.4,109.9,-10.5,99.2,.268,.258,.510,,.475,14.8,24.8,.190,,.524,14.9,72.4,.244,,Wells Fargo Center,568632,13869,2013-14
1,Golden State Warriors*,26.6,67,15,65,17,10.10,-0.09,10.01,111.6,101.4,+10.2,98.3,.239,.311,.571,,.540,13.1,24.1,.184,,.470,14.3,74.5,.217,,Oracle Arena,803436,19596,2014-15
2,Los Angeles Clippers*,28.8,56,26,58,24,6.59,0.22,6.80,112.4,105.5,+6.9,94.7,.303,.322,.565,,.533,11.6,22.8,.215,,.493,13.2,75.7,.231,,STAPLES Center,785892,19168,2014-15
3,San Antonio Spurs*,29.8,55,27,58,24,6.20,0.14,6.34,108.5,102.0,+6.5,93.8,.256,.269,.555,,.517,13.1,23.4,.200,,.484,13.3,77.3,.190,,AT&T Center,762855,18606,2014-15
4,Atlanta Hawks*,27.8,60,22,56,26,5.43,-0.68,4.75,108.9,103.1,+5.8,93.9,.259,.321,.563,,.527,13.5,21.4,.201,,.492,14.9,73.4,.185,,Philips Arena,713909,17412,2014-15
5,Cleveland Cavaliers*,26.9,53,29,53,29,4.48,-0.40,4.08,111.1,106.3,+4.8,92.3,.287,.334,.557,,.520,13.4,26.8,.216,,.502,12.6,74.7,.177,,Quicken Loans Arena,843042,20562,2014-15
6,Portland Trail Blazers*,27.0,51,31,53,29,4.23,0.18,4.41,108.2,103.7,+4.5,94.2,.225,.316,.544,,.508,12.6,24.2,.180,,.476,11.3,76.2,.182,,Moda Center,798368,19472,2014-15
7,Houston Rockets*,27.6,56,26,50,32,3.44,0.38,3.82,107.0,103.4,+3.6,96.5,.312,.392,.548,,.512,15.0,26.8,.223,,.486,14.6,72.9,.208,,Toyota Center,747412,18230,2014-15
8,Memphis Grizzlies*,29.6,55,27,50,32,3.24,0.38,3.62,105.7,102.2,+3.5,92.0,.276,.184,.531,,.489,12.6,24.7,.214,,.492,14.5,75.3,.183,,FedEx Forum,710502,17329,2014-15
9,Toronto Raptors*,26.1,49,33,49,33,3.07,-0.62,2.45,111.0,107.7,+3.3,92.8,.295,.302,.553,,.508,12.0,25.6,.232,,.506,13.4,73.3,.208,,Air Canada Centre,809824,19752,2014-15
10,Chicago Bulls*,28.8,50,32,50,32,3.00,-0.46,2.54,107.5,104.3,+3.2,92.8,.304,.269,.536,,.489,12.9,27.0,.238,,.473,11.3,74.4,.182,,United Center,886612,21625,2014-15
,,,,,,,,,,,,,,,,,,Offense Four Factors,Offense Four Factors,Offense Four Factors,Offense Four Factors,,Defense Four Factors,Defense Four Factors,Defense Four Factors,Defense Four Factors,,,,,2014-15
Rk,Team,Age,W,L,PW,PL,MOV,SOS,SRS,ORtg,DRtg,NRtg,Pace,FTr,3PAr,TS%,,eFG%,TOV%,ORB%,FT/FGA,,eFG%,TOV%,DRB%,FT/FGA,,Arena,Attend.,Attend./G,2014-15
11,Dallas Mavericks*,29.9,50,32,49,33,2.90,0.46,3.36,109.5,106.4,+3.1,95.2,.262,.296,.550,,.515,11.9,23.6,.197,,.503,14.7,72.2,.204,,American Airlines Center,827702,20188,2014-15
12,Oklahoma City Thunder,25.4,45,37,47,35,2.18,0.28,2.47,107.8,105.5,+2.3,95.7,.284,.262,.532,,.492,13.1,28.9,.214,,.489,12.4,75.6,.213,,Chesapeake Energy Arena,746323,18203,2014-15
13,New Orleans Pelicans*,25.3,45,37,43,39,0.79,0.34,1.13,108.2,107.3,+0.9,91.4,.263,.233,.537,,.501,12.5,27.1,.198,,.496,11.7,75.1,.195,,Smoothie King Center,683757,16677,2014-15
14,Washington Wizards*,28.6,46,36,43,39,0.72,-0.55,0.17,103.7,103.0,+0.7,93.7,.259,.203,.534,,.499,14.0,24.9,.192,,.481,12.9,77.3,.210,,Verizon Center,747796,18239,2014-15
15,Milwaukee Bucks*,24.6,41,41,42,40,0.43,-0.52,-0.09,102.7,102.2,+0.5,94.1,.258,.223,.536,,.499,15.5,25.4,.195,,.487,15.9,73.3,.221,,BMO Harris Bradley Center,593910,14813,2014-15
16,Indiana Pacers,28.3,38,44,42,40,0.28,-0.51,-0.23,103.5,103.2,+0.3,93.2,.266,.255,.523,,.484,13.1,24.0,.201,,.478,12.0,77.9,.217,,Bankers Life Fieldhouse,691434,16864,2014-15
17,Utah Jazz,23.4,38,44,42,40,0.22,0.49,0.71,105.1,104.9,+0.2,90.4,.297,.274,.531,,.494,14.6,29.1,.214,,.491,12.8,76.3,.199,,EnergySolutions Arena,772059,18831,2014-15
18,Boston Celtics*,25.0,40,42,41,41,0.16,-0.56,-0.40,104.7,104.5,+0.2,95.8,.233,.280,.523,,.489,12.5,24.7,.176,,.494,13.7,75.0,.208,,TD Garden,721350,17594,2014-15
19,Phoenix Suns,25.7,39,43,38,44,-0.90,0.52,-0.38,105.3,106.2,-0.9,96.3,.251,.291,.537,,.501,13.7,24.5,.191,,.497,14.0,73.5,.221,,US Airways Center,693862,16923,2014-15
20,Detroit Pistons,25.9,32,50,38,44,-1.00,-0.39,-1.39,105.3,106.4,-1.1,92.8,.261,.290,.515,,.482,12.3,27.7,.184,,.502,13.2,75.0,.192,,The Palace of Auburn Hills,625917,15266,2014-15
,,,,,,,,,,,,,,,,,,Offense Four Factors,Offense Four Factors,Offense Four Factors,Offense Four Factors,,Defense Four Factors,Defense Four Factors,Defense Four Factors,Defense Four Factors,,,,,2014-15
Rk,Team,Age,W,L,PW,PL,MOV,SOS,SRS,ORtg,DRtg,NRtg,Pace,FTr,3PAr,TS%,,eFG%,TOV%,ORB%,FT/FGA,,eFG%,TOV%,DRB%,FT/FGA,,Arena,Attend.,Attend./G,2014-15
21,Miami Heat,28.5,37,45,33,49,-2.60,-0.32,-2.92,103.9,106.7,-2.8,90.9,.306,.262,.540,,.500,14.5,23.2,.227,,.505,14.2,73.4,.213,,AmericanAirlines Arena,808223,19713,2014-15
22,Brooklyn Nets*,28.6,38,44,33,49,-2.88,-0.25,-3.13,104.4,107.4,-3.0,92.7,.267,.240,.529,,.491,13.0,23.9,.200,,.506,12.9,73.7,.185,,Barclays Center,698529,17037,2014-15
23,Charlotte Hornets,26.0,33,49,32,50,-3.17,-0.27,-3.44,100.1,103.5,-3.4,93.0,.269,.226,.498,,.456,11.2,22.1,.202,,.487,12.0,79.3,.188,,Time Warner Cable Arena,704886,17192,2014-15
24,Denver Nuggets,26.4,30,52,31,51,-3.55,0.48,-3.07,104.5,108.2,-3.7,96.1,.278,.284,.518,,.479,12.7,26.6,.204,,.504,13.0,74.7,.239,,Pepsi Center,602707,14700,2014-15
25,Sacramento Kings,26.0,29,53,31,51,-3.71,0.64,-3.07,105.3,109.2,-3.9,95.4,.363,.204,.542,,.490,14.8,26.5,.276,,.507,11.8,75.2,.200,,Sleep Train Arena,680049,16587,2014-15
26,Orlando Magic,24.3,25,57,25,57,-5.72,-0.15,-5.87,101.6,107.7,-6.1,93.8,.230,.235,.524,,.494,14.0,23.1,.168,,.514,13.6,76.0,.210,,Amway Center,688194,16785,2014-15
27,Los Angeles Lakers,27.0,21,61,23,59,-6.84,0.67,-6.17,103.4,110.6,-7.2,94.0,.276,.220,.513,,.473,12.1,25.4,.204,,.518,12.1,76.3,.231,,STAPLES Center,768244,18738,2014-15
28,Minnesota Timberwolves,24.4,16,66,19,63,-8.79,0.79,-8.00,102.9,112.2,-9.3,94.4,.309,.179,.517,,.468,13.7,26.6,.240,,.537,13.9,71.6,.187,,Target Center,595652,14416,2014-15
29,Philadelphia 76ers,23.2,18,64,18,64,-8.98,-0.07,-9.04,95.5,104.8,-9.3,95.7,.288,.319,.494,,.459,16.0,25.5,.195,,.497,15.2,73.0,.225,,Wells Fargo Center,571572,13941,2014-15
30,New York Knicks,26.9,17,65,17,65,-9.32,-0.18,-9.50,99.9,110.0,-10.1,91.2,.234,.240,.508,,.470,14.0,24.5,.180,,.512,13.3,73.1,.234,,Madison Square Garden (IV),812292,19812,2014-15
1,San Antonio Spurs*,30.3,67,15,67,15,10.63,-0.36,10.28,110.3,99.0,+11.3,93.8,.246,.223,.564,,.526,12.4,23.0,.197,,.477,14.1,79.1,.182,,AT&T Center,756445,18450,2015-16
2,Golden State Warriors*,27.4,73,9,65,17,10.76,-0.38,10.38,114.5,103.8,+10.7,99.3,.250,.362,.593,,.563,13.5,23.5,.191,,.479,12.6,76.0,.208,,Oracle Arena,803436,19596,2015-16
3,Oklahoma City Thunder*,25.8,55,27,59,23,7.28,-0.19,7.09,113.1,105.6,+7.5,96.7,.292,.275,.565,,.524,14.0,31.1,.228,,.484,11.7,76.0,.205,,Chesapeake Energy Arena,746323,18203,2015-16
4,Cleveland Cavaliers*,28.1,57,25,57,25,6.00,-0.55,5.45,110.9,104.5,+6.4,93.3,.259,.352,.558,,.524,12.7,25.1,.194,,.496,12.6,78.5,.205,,Quicken Loans Arena,843042,20562,2015-16
5,Toronto Raptors*,26.3,56,26,53,29,4.50,-0.42,4.08,110.0,105.2,+4.8,92.9,.328,.287,.552,,.504,12.3,24.6,.255,,.498,12.7,77.7,.201,,Air Canada Centre,812863,19826,2015-16
6,Los Angeles Clippers*,29.7,53,29,53,29,4.28,-0.15,4.13,108.3,103.8,+4.5,95.8,.318,.324,.556,,.524,12.1,20.1,.220,,.480,13.8,73.8,.222,,STAPLES Center,786910,19193,2015-16
7,Atlanta Hawks*,28.2,48,34,51,31,3.61,-0.12,3.49,105.1,101.4,+3.7,97.1,.237,.336,.552,,.516,13.8,19.1,.185,,.480,14.4,74.6,.194,,Philips Arena,690150,16833,2015-16
8,Boston Celtics*,25.2,48,34,50,32,3.21,-0.37,2.84,106.8,103.6,+3.2,98.5,.264,.293,.531,,.488,12.1,25.1,.208,,.487,14.6,74.6,.231,,TD Garden,749076,18270,2015-16
9,Charlotte Hornets*,26.0,48,34,49,33,2.72,-0.36,2.36,107.2,104.3,+2.9,95.6,.280,.348,.545,,.502,11.7,20.0,.222,,.496,12.5,79.8,.191,,Time Warner Cable Arena,716894,17485,2015-16
10,Utah Jazz,24.2,40,42,46,36,1.79,0.05,1.84,105.9,103.9,+2.0,91.0,.286,.297,.540,,.501,14.2,25.9,.213,,.495,13.5,77.7,.210,,Vivint Smart Home Arena,791489,19305,2015-16
,,,,,,,,,,,,,,,,,,Offense Four Factors,Offense Four Factors,Offense Four Factors,Offense Four Factors,,Defense Four Factors,Defense Four Factors,Defense Four Factors,Defense Four Factors,,,,,2015-16
Rk,Team,Age,W,L,PW,PL,MOV,SOS,SRS,ORtg,DRtg,NRtg,Pace,FTr,3PAr,TS%,,eFG%,TOV%,ORB%,FT/FGA,,eFG%,TOV%,DRB%,FT/FGA,,Arena,Attend.,Attend./G,2015-16
11,Miami Heat*,28.4,48,34,46,36,1.65,-0.14,1.50,106.1,104.4,+1.7,93.6,.282,.221,.545,,.508,13.3,23.8,.210,,.485,12.1,77.8,.196,,AmericanAirlines Arena,809350,19740,2015-16
12,Indiana Pacers*,26.9,45,37,46,36,1.71,-0.09,1.62,104.6,102.9,+1.7,96.6,.268,.270,.536,,.497,13.5,23.4,.205,,.489,14.3,76.0,.205,,Bankers Life Fieldhouse,690733,16847,2015-16
13,Portland Trail Blazers*,24.3,44,38,43,39,0.83,0.15,0.98,108.8,108.0,+0.8,96.0,.268,.332,.548,,.511,13.2,25.9,.202,,.503,12.1,76.2,.225,,Moda Center,794085,19368,2015-16
14,Detroit Pistons*,25.0,44,38,43,39,0.61,-0.18,0.43,106.1,105.5,+0.6,95.1,.296,.303,.522,,.491,12.2,27.0,.197,,.504,12.5,79.3,.196,,The Palace of Auburn Hills,677138,16516,2015-16
15,Houston Rockets*,27.8,41,41,42,40,0.20,0.14,0.34,108.3,108.1,+0.2,97.6,.352,.370,.553,,.516,14.2,25.7,.244,,.516,14.8,72.8,.219,,Toyota Center,737244,17982,2015-16
16,Dallas Mavericks*,30.3,42,40,40,42,-0.30,0.29,-0.02,106.7,107.0,-0.3,94.3,.265,.339,.544,,.502,12.0,20.6,.211,,.504,12.8,76.2,.198,,American Airlines Center,825901,20144,2015-16
17,Washington Wizards,27.3,41,41,40,42,-0.50,0.00,-0.50,105.3,105.8,-0.5,98.5,.263,.282,.544,,.511,13.1,20.6,.192,,.515,14.6,77.7,.218,,Verizon Center,725426,17693,2015-16
18,Chicago Bulls,27.6,42,40,37,45,-1.48,0.01,-1.46,105.0,106.5,-1.5,95.7,.240,.244,.526,,.487,12.6,24.5,.189,,.485,10.7,74.9,.182,,United Center,894659,21821,2015-16
19,Orlando Magic,23.9,35,47,36,46,-1.62,-0.06,-1.68,105.1,106.8,-1.7,96.0,.232,.255,.533,,.500,12.8,23.1,.175,,.513,13.8,76.5,.215,,Amway Center,719275,17515,2015-16
20,Sacramento Kings,26.6,33,49,34,48,-2.48,0.16,-2.32,106.0,108.4,-2.4,100.0,.295,.260,.546,,.510,14.2,23.9,.214,,.521,14.0,74.9,.202,,Sleep Train Arena,707526,17222,2015-16
,,,,,,,,,,,,,,,,,,Offense Four Factors,Offense Four Factors,Offense Four Factors,Offense Four Factors,,Defense Four Factors,Defense Four Factors,Defense Four Factors,Defense Four Factors,,,,,2015-16
Rk,Team,Age,W,L,PW,PL,MOV,SOS,SRS,ORtg,DRtg,NRtg,Pace,FTr,3PAr,TS%,,eFG%,TOV%,ORB%,FT/FGA,,eFG%,TOV%,DRB%,FT/FGA,,Arena,Attend.,Attend./G,2015-16
21,Memphis Grizzlies*,30.5,42,40,35,47,-2.24,0.11,-2.14,105.4,107.8,-2.4,93.3,.295,.222,.524,,.477,12.3,25.3,.231,,.518,15.2,75.1,.251,,FedEx Forum,701894,17119,2015-16
22,New York Knicks,27.2,32,50,33,49,-2.73,0.00,-2.74,104.6,107.6,-3.0,93.4,.255,.256,.527,,.483,12.6,23.7,.205,,.487,10.5,75.8,.204,,Madison Square Garden (IV),812292,19812,2015-16
23,Denver Nuggets,24.7,33,49,33,49,-3.10,0.29,-2.81,105.6,108.9,-3.3,95.7,.282,.277,.531,,.489,13.2,25.8,.216,,.515,12.6,77.3,.216,,Pepsi Center,577898,14095,2015-16
24,Minnesota Timberwolves,24.6,29,53,31,51,-3.54,0.15,-3.38,106.5,110.1,-3.6,95.2,.332,.202,.549,,.498,13.9,24.3,.263,,.524,13.6,74.7,.200,,Target Center,581178,14175,2015-16
25,New Orleans Pelicans,26.6,30,52,31,51,-3.79,0.24,-3.56,105.6,109.5,-3.9,96.8,.259,.277,.537,,.498,12.3,21.2,.201,,.523,12.7,78.8,.225,,Smoothie King Center,688549,16794,2015-16
26,Milwaukee Bucks,23.5,33,49,29,53,-4.18,0.20,-3.98,104.3,108.7,-4.4,94.2,.276,.189,.537,,.499,14.2,24.9,.207,,.510,14.2,73.1,.221,,BMO Harris Bradley Center,621808,15166,2015-16
27,Phoenix Suns,26.0,23,59,24,58,-6.66,0.34,-6.32,102.2,109.0,-6.8,98.5,.271,.302,.526,,.487,15.2,25.4,.204,,.523,13.5,77.1,.237,,Talking Stick Resort Arena,701405,17107,2015-16
28,Brooklyn Nets,26.9,21,61,22,60,-7.35,0.24,-7.12,103.2,110.9,-7.7,95.2,.246,.218,.527,,.492,13.6,24.1,.186,,.534,13.1,75.7,.176,,Barclays Center,620142,15125,2015-16
29,Los Angeles Lakers,26.5,17,65,17,65,-9.56,0.64,-8.92,101.6,111.6,-10.0,95.6,.292,.290,.509,,.460,12.5,23.1,.228,,.523,11.6,74.7,.202,,STAPLES Center,778877,18997,2015-16
30,Philadelphia 76ers,23.3,10,72,16,66,-10.23,0.31,-9.92,98.8,109.2,-10.4,97.9,.269,.327,.519,,.487,14.8,20.6,.186,,.510,13.5,74.0,.240,,Wells Fargo Center,614650,14991,2015-16
1,Golden State Warriors*,28.2,67,15,67,15,11.63,-0.28,11.35,115.6,104.0,+11.6,99.8,.259,.359,.597,,.563,13.2,22.8,.204,,.486,13.5,74.9,.198,,Oracle Arena,803436,19596,2016-17
2,San Antonio Spurs*,29.6,61,21,60,22,7.20,-0.06,7.13,111.1,103.5,+7.6,94.2,.263,.281,.564,,.524,12.6,24.0,.210,,.492,13.5,77.6,.192,,AT&T Center,755347,18423,2016-17
3,Houston Rockets*,27.4,55,27,55,27,5.77,0.08,5.84,114.7,109.0,+5.7,100.0,.304,.462,.583,,.545,13.3,24.6,.233,,.519,13.2,75.8,.194,,Toyota Center,695903,16973,2016-17
4,Toronto Raptors*,26.1,51,31,52,30,4.21,-0.56,3.65,112.3,107.8,+4.5,94.7,.293,.289,.561,,.517,11.8,25.0,.233,,.507,13.5,76.3,.223,,Air Canada Centre,813050,19830,2016-17
5,Los Angeles Clippers*,30.0,51,31,52,30,4.29,0.13,4.42,112.7,108.2,+4.5,96.1,.312,.329,.574,,.537,12.0,21.5,.233,,.506,12.1,76.9,.211,,STAPLES Center,782609,19088,2016-17
6,Utah Jazz*,26.8,51,31,52,30,3.94,0.06,4.00,109.6,105.3,+4.3,91.6,.288,.327,.563,,.526,13.2,23.2,.215,,.493,11.8,78.9,.195,,Vivint Smart Home Arena,806142,19662,2016-17
7,Cleveland Cavaliers*,29.2,51,31,49,33,3.18,-0.31,2.87,113.6,110.3,+3.3,96.2,.275,.399,.580,,.547,12.6,21.9,.206,,.516,11.4,75.8,.174,,Quicken Loans Arena,843042,20562,2016-17
8,Boston Celtics*,25.9,53,29,48,34,2.63,-0.39,2.25,111.2,108.4,+2.8,96.8,.273,.393,.567,,.525,12.2,21.2,.220,,.503,12.6,75.3,.223,,TD Garden,760690,18553,2016-17
9,Washington Wizards*,26.0,49,33,46,36,1.80,-0.45,1.36,111.2,109.3,+1.9,97.4,.254,.284,.564,,.528,12.8,24.1,.199,,.524,13.8,75.5,.213,,Verizon Center,697107,17003,2016-17
10,Miami Heat,26.5,41,41,44,38,1.06,-0.29,0.77,107.8,106.7,+1.1,95.2,.251,.314,.541,,.512,12.4,24.2,.177,,.496,12.6,76.4,.220,,AmericanAirlines Arena,805400,19644,2016-17
,,,,,,,,,,,,,,,,,,Offense Four Factors,Offense Four Factors,Offense Four Factors,Offense Four Factors,,Defense Four Factors,Defense Four Factors,Defense Four Factors,Defense Four Factors,,,,,2016-17
Rk,Team,Age,W,L,PW,PL,MOV,SOS,SRS,ORtg,DRtg,NRtg,Pace,FTr,3PAr,TS%,,eFG%,TOV%,ORB%,FT/FGA,,eFG%,TOV%,DRB%,FT/FGA,,Arena,Attend.,Attend./G,2016-17
11,Oklahoma City Thunder*,24.7,47,35,43,39,0.76,0.39,1.14,108.3,107.5,+0.8,97.8,.295,.295,.540,,.500,13.2,27.9,.220,,.511,12.5,79.0,.218,,Chesapeake Energy Arena,746323,18203,2016-17
12,Memphis Grizzlies*,29.5,43,39,42,40,0.49,0.47,0.96,107.7,107.1,+0.6,92.3,.280,.316,.535,,.491,12.1,24.8,.219,,.506,13.6,77.5,.256,,FedEx Forum,677314,16520,2016-17
13,Denver Nuggets,25.2,40,42,42,40,0.51,0.19,0.70,113.2,112.7,+0.5,98.3,.276,.329,.568,,.530,13.2,27.3,.214,,.532,10.9,78.7,.194,,Pepsi Center,605585,14672,2016-17
14,Chicago Bulls*,26.9,41,41,42,40,0.43,-0.39,0.03,107.4,107.0,+0.4,95.3,.259,.256,.530,,.487,12.3,27.0,.206,,.507,12.4,76.8,.169,,United Center,888882,21680,2016-17
15,Charlotte Hornets,26.5,36,46,42,40,0.20,-0.26,-0.07,108.8,108.6,+0.2,95.7,.279,.335,.547,,.501,10.7,19.9,.227,,.523,12.1,79.6,.164,,Spectrum Center,710643,17333,2016-17
16,Indiana Pacers*,27.0,42,40,40,42,-0.22,-0.42,-0.64,108.6,108.8,-0.2,95.9,.261,.272,.558,,.516,12.8,21.2,.212,,.512,13.6,75.5,.225,,Bankers Life Fieldhouse,684578,16697,2016-17
17,Milwaukee Bucks*,25.6,42,40,40,42,-0.18,-0.26,-0.45,109.1,109.3,-0.2,94.5,.274,.290,.565,,.527,13.2,21.5,.210,,.518,13.6,75.4,.215,,BMO Harris Bradley Center,648952,15828,2016-17
18,Portland Trail Blazers*,24.8,41,41,40,42,-0.52,0.30,-0.23,110.3,110.8,-0.5,96.7,.275,.322,.559,,.520,12.5,23.0,.214,,.508,11.6,76.8,.241,,Moda Center,792029,19318,2016-17
19,Atlanta Hawks*,27.9,43,39,39,43,-0.85,-0.38,-1.23,104.9,105.7,-0.8,97.4,.295,.309,.541,,.504,14.2,23.6,.215,,.507,13.8,76.1,.179,,Philips Arena,654306,15959,2016-17
20,Detroit Pistons,25.4,37,45,38,44,-1.12,-0.17,-1.29,106.0,107.1,-1.1,95.0,.218,.263,.521,,.492,10.9,24.1,.157,,.516,12.1,81.2,.197,,The Palace of Auburn Hills,655141,15979,2016-17
,,,,,,,,,,,,,,,,,,Offense Four Factors,Offense Four Factors,Offense Four Factors,Offense Four Factors,,Defense Four Factors,Defense Four Factors,Defense Four Factors,Defense Four Factors,,,,,2016-17
Rk,Team,Age,W,L,PW,PL,MOV,SOS,SRS,ORtg,DRtg,NRtg,Pace,FTr,3PAr,TS%,,eFG%,TOV%,ORB%,FT/FGA,,eFG%,TOV%,DRB%,FT/FGA,,Arena,Attend.,Attend./G,2016-17
21,Minnesota Timberwolves,24.0,31,51,38,44,-1.11,0.47,-0.64,110.8,112.0,-1.2,94.6,.287,.249,.555,,.511,12.9,27.2,.229,,.535,13.2,75.9,.212,,Target Center,607203,14810,2016-17
22,New Orleans Pelicans,25.7,34,48,35,47,-2.10,0.41,-1.69,105.2,107.4,-2.2,98.0,.256,.308,.539,,.504,11.7,18.5,.192,,.509,12.4,76.8,.177,,Smoothie King Center,663099,16173,2016-17
23,Dallas Mavericks,27.6,33,49,33,49,-2.93,0.40,-2.53,105.6,108.8,-3.2,92.2,.225,.366,.541,,.505,11.6,18.1,.180,,.529,14.4,77.6,.218,,American Airlines Center,811366,19789,2016-17
24,New York Knicks,27.3,31,51,31,51,-3.67,-0.20,-3.87,107.7,111.5,-3.8,96.0,.239,.279,.534,,.496,12.4,26.6,.188,,.511,11.7,74.1,.214,,Madison Square Garden (IV),810741,19774,2016-17
25,Sacramento Kings,27.9,32,50,31,51,-3.88,0.58,-3.29,107.3,111.3,-4.0,94.9,.284,.291,.556,,.516,13.7,21.0,.220,,.528,12.9,76.3,.227,,Golden 1 Center,721928,17608,2016-17
26,Phoenix Suns,25.0,24,58,27,55,-5.63,0.49,-5.14,106.6,112.2,-5.6,100.3,.297,.255,.538,,.493,13.4,26.0,.231,,.525,13.1,76.4,.264,,Talking Stick Resort Arena,708639,17134,2016-17
27,Philadelphia 76ers,24.6,28,54,26,56,-5.70,-0.14,-5.83,103.2,108.9,-5.7,98.5,.258,.349,.539,,.501,14.9,22.4,.199,,.512,13.5,75.3,.234,,Wells Fargo Center,710557,17331,2016-17
28,Brooklyn Nets,26.0,20,62,24,58,-6.73,-0.01,-6.74,104.1,110.7,-6.6,101.3,.289,.371,.551,,.507,14.7,19.6,.228,,.513,11.6,76.1,.212,,Barclays Center,632608,15429,2016-17
29,Orlando Magic,25.3,29,53,24,58,-6.57,-0.04,-6.61,103.7,110.5,-6.8,96.8,.246,.300,.524,,.489,12.1,21.6,.184,,.523,11.9,77.4,.201,,Amway Center,727875,17753,2016-17
30,Los Angeles Lakers,25.1,26,56,24,58,-6.88,0.58,-6.29,106.0,113.0,-7.0,98.5,.259,.295,.537,,.501,13.5,25.0,.195,,.542,13.0,75.8,.213,,STAPLES Center,776917,18949,2016-17
1,Houston Rockets*,29.8,65,17,61,21,8.48,-0.27,8.21,114.7,106.1,+8.6,97.6,.298,.502,.590,,.551,12.7,21.3,.233,,.521,13.4,79.9,.171,,Toyota Center,732722,17871,2017-18
2,Toronto Raptors*,25.8,59,23,60,22,7.78,-0.49,7.29,113.8,105.9,+7.9,97.4,.250,.377,.575,,.539,12.1,23.0,.198,,.501,13.0,77.7,.212,,Air Canada Centre,813431,19840,2017-18
3,Golden State Warriors*,28.8,58,24,56,26,5.98,-0.19,5.79,113.6,107.7,+5.9,99.6,.239,.339,.603,,.569,14.1,21.0,.195,,.504,12.6,76.3,.186,,Oracle Arena,803436,19596,2017-18
4,Utah Jazz*,26.7,48,34,53,29,4.30,0.17,4.47,108.4,103.9,+4.5,95.7,.260,.357,.564,,.527,13.7,21.5,.202,,.506,14.0,79.8,.190,,Vivint Smart Home Arena,734806,17922,2017-18
5,Philadelphia 76ers*,25.8,52,30,53,29,4.50,-0.20,4.30,109.5,105.0,+4.5,99.8,.263,.344,.568,,.535,14.6,25.3,.198,,.492,12.6,78.6,.218,,Wells Fargo Center,833503,20361,2017-18
6,Boston Celtics*,24.7,55,27,51,31,3.59,-0.35,3.23,107.6,103.9,+3.7,96.0,.243,.357,.552,,.518,13.0,21.5,.188,,.495,13.0,78.4,.191,,TD Garden,763584,18624,2017-18
7,Oklahoma City Thunder*,27.3,48,34,50,32,3.41,0.00,3.42,110.7,107.2,+3.5,96.7,.275,.345,.546,,.514,12.4,27.7,.197,,.525,14.7,77.4,.193,,Chesapeake Energy Arena,746322,18203,2017-18
8,San Antonio Spurs*,29.3,47,35,49,33,2.89,0.00,2.89,107.9,104.8,+3.1,95.0,.245,.282,.543,,.507,12.2,23.7,.189,,.507,13.2,78.6,.170,,AT&T Center,754562,18404,2017-18
9,Portland Trail Blazers*,25.6,49,33,48,34,2.60,0.00,2.60,109.1,106.4,+2.7,96.5,.240,.324,.549,,.511,12.3,23.3,.192,,.503,11.7,79.1,.193,,Moda Center,795750,19409,2017-18
10,Minnesota Timberwolves*,27.1,47,35,47,35,2.23,0.12,2.35,113.4,111.1,+2.3,96.0,.280,.261,.566,,.523,11.4,24.4,.225,,.539,13.9,76.4,.189,,Target Center,699308,17056,2017-18
,,,,,,,,,,,,,,,,,,Offense Four Factors,Offense Four Factors,Offense Four Factors,Offense Four Factors,,Defense Four Factors,Defense Four Factors,Defense Four Factors,Defense Four Factors,,,,,2017-18
Rk,Team,Age,W,L,PW,PL,MOV,SOS,SRS,ORtg,DRtg,NRtg,Pace,FTr,3PAr,TS%,,eFG%,TOV%,ORB%,FT/FGA,,eFG%,TOV%,DRB%,FT/FGA,,Arena,Attend.,Attend./G,2017-18
11,Denver Nuggets,25.1,46,36,45,37,1.48,0.09,1.57,112.5,111.0,+1.5,96.8,.258,.357,.570,,.536,13.4,25.7,.198,,.539,12.6,77.5,.173,,Pepsi Center,702796,17141,2017-18
12,Indiana Pacers*,26.2,48,34,45,37,1.38,-0.20,1.18,109.5,108.1,+1.4,96.0,.222,.284,.557,,.525,12.3,22.7,.173,,.527,14.2,76.2,.174,,Bankers Life Fieldhouse,658119,16052,2017-18
13,New Orleans Pelicans*,27.6,48,34,44,38,1.30,0.18,1.48,109.6,108.3,+1.3,100.5,.237,.319,.573,,.541,13.3,20.0,.183,,.513,12.5,76.7,.175,,Smoothie King Center,673920,16437,2017-18
14,Cleveland Cavaliers*,30.6,50,32,43,39,0.94,-0.35,0.59,112.9,111.9,+1.0,98.0,.275,.379,.584,,.547,12.6,20.1,.214,,.540,12.2,77.3,.166,,Quicken Loans Arena,843042,20562,2017-18
15,Washington Wizards*,26.9,43,39,43,39,0.59,-0.06,0.53,109.3,108.7,+0.6,96.6,.254,.310,.560,,.525,13.3,23.5,.196,,.522,13.6,77.1,.212,,Capital One Arena,739302,18032,2017-18
16,Miami Heat*,26.5,44,38,42,40,0.48,-0.33,0.15,106.8,106.3,+0.5,95.6,.229,.358,.551,,.520,13.3,21.5,.173,,.507,13.1,79.0,.215,,AmericanAirlines Arena,804850,19630,2017-18
17,Charlotte Hornets,26.6,36,46,42,40,0.26,-0.19,0.07,109.4,109.1,+0.3,98.4,.312,.314,.549,,.508,11.4,22.2,.233,,.532,12.4,80.7,.165,,Spectrum Center,671404,16376,2017-18
18,Los Angeles Clippers,27.0,42,40,41,41,0.04,0.11,0.15,110.3,110.2,+0.1,98.7,.299,.314,.564,,.527,13.2,23.5,.222,,.520,12.6,76.1,.203,,STAPLES Center,697812,17020,2017-18
19,Detroit Pistons,25.9,39,43,41,41,-0.15,-0.11,-0.26,107.2,107.3,-0.1,96.2,.227,.333,.543,,.512,12.3,22.7,.169,,.524,13.7,78.5,.172,,Little Caesars Arena,713945,17413,2017-18
20,Milwaukee Bucks*,25.9,44,38,40,42,-0.30,-0.15,-0.45,109.8,110.1,-0.3,96.3,.281,.297,.571,,.531,12.9,20.4,.220,,.528,14.2,75.9,.220,,BMO Harris Bradley Center,685303,16856,2017-18
,,,,,,,,,,,,,,,,,,Offense Four Factors,Offense Four Factors,Offense Four Factors,Offense Four Factors,,Defense Four Factors,Defense Four Factors,Defense Four Factors,Defense Four Factors,,,,,2017-18
Rk,Team,Age,W,L,PW,PL,MOV,SOS,SRS,ORtg,DRtg,NRtg,Pace,FTr,3PAr,TS%,,eFG%,TOV%,ORB%,FT/FGA,,eFG%,TOV%,DRB%,FT/FGA,,Arena,Attend.,Attend./G,2017-18
21,Los Angeles Lakers,23.7,35,47,37,45,-1.55,0.11,-1.44,106.5,108.0,-1.5,100.3,.264,.329,.548,,.517,13.8,23.6,.188,,.514,12.5,77.7,.190,,STAPLES Center,776327,18935,2017-18
22,Dallas Mavericks,27.7,24,58,33,49,-3.04,0.34,-2.70,106.3,109.5,-3.2,95.6,.217,.382,.544,,.513,11.5,18.0,.166,,.532,12.8,78.9,.193,,American Airlines Center,811453,19792,2017-18
23,New York Knicks,26.3,29,53,32,50,-3.56,0.03,-3.53,107.1,110.7,-3.6,96.8,.216,.266,.544,,.510,13.3,24.1,.170,,.522,12.1,76.7,.208,,Madison Square Garden (IV),792608,19332,2017-18
24,Brooklyn Nets,25.1,28,54,31,51,-3.74,0.07,-3.67,106.9,110.6,-3.7,98.9,.260,.411,.551,,.514,13.6,21.0,.201,,.517,11.0,77.0,.201,,Barclays Center,640010,15376,2017-18
25,Orlando Magic,25.6,25,57,28,54,-4.82,-0.10,-4.92,105.2,110.1,-4.9,98.1,.238,.342,.545,,.512,13.3,20.0,.180,,.525,12.8,75.6,.187,,Amway Center,734531,17915,2017-18
26,Atlanta Hawks,25.4,24,58,27,55,-5.45,0.15,-5.30,105.0,110.6,-5.6,98.3,.236,.363,.547,,.512,14.1,21.1,.185,,.536,13.6,76.2,.183,,Philips Arena,590769,14409,2017-18
27,Memphis Grizzlies,26.0,22,60,25,57,-6.21,0.39,-5.81,104.5,111.0,-6.5,94.9,.255,.317,.539,,.500,14.0,22.4,.201,,.529,13.8,76.5,.256,,FedEx Forum,653863,15948,2017-18
28,Chicago Bulls,24.4,27,55,23,59,-7.04,0.20,-6.84,103.8,110.9,-7.1,98.3,.216,.350,.529,,.497,12.6,20.6,.164,,.542,12.4,80.6,.184,,United Center,851824,20776,2017-18
29,Sacramento Kings,26.4,27,55,23,59,-6.99,0.39,-6.60,103.7,111.1,-7.4,94.9,.194,.278,.529,,.502,12.8,21.5,.143,,.542,13.5,77.6,.199,,Golden 1 Center,714680,17431,2017-18
30,Phoenix Suns,23.7,21,61,19,63,-9.37,0.57,-8.80,103.5,112.9,-9.4,100.3,.275,.320,.532,,.495,13.9,22.5,.203,,.533,11.9,76.5,.212,,Talking Stick Resort Arena,690576,16843,2017-18
1,Milwaukee Bucks*,26.9,60,22,61,21,8.87,-0.82,8.04,113.8,105.2,+8.6,103.3,.255,.419,.583,,.550,12.0,20.8,.197,,.503,11.5,80.3,.162,,Fiserv Forum,721692,17602,2018-19
2,Golden State Warriors*,28.4,57,25,56,26,6.46,-0.04,6.42,115.9,109.5,+6.4,100.9,.227,.384,.596,,.565,12.6,22.5,.182,,.508,11.7,77.1,.205,,Oracle Arena,803436,19596,2018-19
3,Toronto Raptors*,27.3,58,24,56,26,6.09,-0.60,5.49,113.1,107.1,+6.0,100.2,.247,.379,.579,,.543,12.4,21.9,.198,,.509,13.1,77.1,.190,,Scotiabank Arena,812822,19825,2018-19
4,Utah Jazz*,27.3,50,32,54,28,5.26,0.03,5.28,110.9,105.7,+5.2,100.3,.295,.394,.572,,.538,13.4,22.9,.217,,.507,12.4,80.3,.189,,Vivint Smart Home Arena,750546,18306,2018-19
5,Houston Rockets*,29.2,53,29,53,29,4.77,0.19,4.96,115.5,110.7,+4.8,97.9,.279,.519,.581,,.542,12.0,22.8,.221,,.525,13.4,74.4,.210,,Toyota Center,740392,18058,2018-19
6,Boston Celtics*,25.7,49,33,52,30,4.44,-0.54,3.90,112.2,107.8,+4.4,99.6,.215,.381,.567,,.534,11.5,21.6,.173,,.514,13.4,77.0,.198,,TD Garden,763584,18624,2018-19
7,Portland Trail Blazers*,26.2,53,29,51,31,4.20,0.24,4.43,114.7,110.5,+4.2,99.1,.258,.339,.568,,.528,12.1,26.6,.210,,.516,11.0,77.9,.195,,Moda Center,799345,19496,2018-19
8,Denver Nuggets*,24.9,54,28,51,31,3.95,0.24,4.19,113.0,108.9,+4.1,97.7,.232,.348,.558,,.527,11.9,26.6,.175,,.521,12.3,78.0,.194,,Pepsi Center,756457,18450,2018-19
9,Indiana Pacers*,27.0,48,34,50,32,3.33,-0.57,2.76,109.9,106.5,+3.4,98.1,.242,.292,.561,,.530,12.4,21.9,.182,,.516,14.1,76.2,.184,,Bankers Life Fieldhouse,689310,16812,2018-19
10,Oklahoma City Thunder*,25.7,49,33,50,32,3.40,0.15,3.56,110.3,107.0,+3.3,102.8,.266,.347,.545,,.514,11.7,26.0,.190,,.523,14.4,78.2,.206,,Chesapeake Energy Arena,746323,18203,2018-19
,,,,,,,,,,,,,,,,,,Offense Four Factors,Offense Four Factors,Offense Four Factors,Offense Four Factors,,Defense Four Factors,Defense Four Factors,Defense Four Factors,Defense Four Factors,,,,,2018-19
Rk,Team,Age,W,L,PW,PL,MOV,SOS,SRS,ORtg,DRtg,NRtg,Pace,FTr,3PAr,TS%,,eFG%,TOV%,ORB%,FT/FGA,,eFG%,TOV%,DRB%,FT/FGA,,Arena,Attend.,Attend./G,2018-19
11,Philadelphia 76ers*,26.4,51,31,48,34,2.70,-0.44,2.25,112.6,110.0,+2.6,101.6,.312,.342,.574,,.532,12.9,24.5,.241,,.512,11.1,78.6,.206,,Wells Fargo Center,838342,20447,2018-19
12,San Antonio Spurs*,28.8,48,34,45,37,1.68,0.12,1.80,112.9,111.2,+1.7,98.3,.237,.286,.572,,.534,11.0,21.0,.194,,.528,11.0,79.4,.170,,AT&T Center,750616,18308,2018-19
13,Los Angeles Clippers*,27.2,48,34,43,39,0.85,0.23,1.09,112.4,111.5,+0.9,101.7,.326,.295,.575,,.529,12.7,22.0,.258,,.514,11.4,76.0,.224,,STAPLES Center,710327,17325,2018-19
14,Orlando Magic*,25.7,42,40,43,39,0.71,-0.43,0.28,108.9,108.1,+0.8,98.1,.216,.360,.550,,.518,11.9,22.0,.168,,.515,11.8,79.7,.186,,Amway Center,720024,17431,2018-19
15,Brooklyn Nets*,25.4,42,40,41,41,-0.07,-0.33,-0.40,109.6,109.7,-0.1,100.8,.284,.403,.556,,.520,13.0,23.8,.211,,.512,11.6,76.4,.190,,Barclays Center,612597,14941,2018-19
16,Detroit Pistons*,26.9,41,41,40,42,-0.24,-0.31,-0.56,109.0,109.2,-0.2,97.4,.262,.394,.544,,.509,12.3,24.8,.195,,.526,12.8,78.7,.211,,Little Caesars Arena,675963,16487,2018-19
17,Miami Heat,27.0,39,43,40,42,-0.23,-0.22,-0.45,107.3,107.6,-0.3,98.2,.247,.368,.542,,.515,13.1,24.8,.172,,.510,12.7,77.6,.201,,AmericanAirlines Arena,805264,19641,2018-19
18,Sacramento Kings,24.8,39,43,38,44,-1.12,0.31,-0.81,110.4,111.5,-1.1,103.1,.244,.321,.554,,.524,11.5,23.1,.177,,.533,13.6,75.5,.207,,Golden 1 Center,700975,17097,2018-19
19,Charlotte Hornets,26.6,39,43,38,44,-1.10,-0.22,-1.32,111.4,112.5,-1.1,98.7,.257,.378,.554,,.514,10.9,21.7,.205,,.538,12.1,77.1,.179,,Spectrum Center,676570,16502,2018-19
20,New Orleans Pelicans,25.7,33,49,38,44,-1.33,0.23,-1.10,111.4,112.6,-1.2,103.3,.254,.324,.563,,.529,12.6,24.1,.193,,.532,11.6,76.8,.193,,Smoothie King Center,656183,16004,2018-19
,,,,,,,,,,,,,,,,,,Offense Four Factors,Offense Four Factors,Offense Four Factors,Offense Four Factors,,Defense Four Factors,Defense Four Factors,Defense Four Factors,Defense Four Factors,,,,,2018-19
Rk,Team,Age,W,L,PW,PL,MOV,SOS,SRS,ORtg,DRtg,NRtg,Pace,FTr,3PAr,TS%,,eFG%,TOV%,ORB%,FT/FGA,,eFG%,TOV%,DRB%,FT/FGA,,Arena,Attend.,Attend./G,2018-19
21,Dallas Mavericks,26.9,33,49,38,44,-1.28,0.42,-0.87,109.4,110.7,-1.3,99.0,.291,.422,.555,,.519,12.7,22.7,.216,,.522,11.6,77.5,.191,,American Airlines Center,820569,20014,2018-19
22,Minnesota Timberwolves,26.2,36,46,37,45,-1.50,0.48,-1.02,111.4,112.9,-1.5,100.2,.267,.315,.552,,.511,11.4,24.6,.210,,.538,12.9,74.9,.190,,Target Center,627543,15306,2018-19
23,Los Angeles Lakers,26.2,37,45,37,45,-1.72,0.39,-1.33,107.8,109.5,-1.7,103.2,.257,.342,.554,,.527,13.4,22.2,.180,,.516,12.2,76.4,.192,,STAPLES Center,778877,18997,2018-19
24,Memphis Grizzlies,27.7,33,49,34,48,-2.60,0.51,-2.08,106.1,108.8,-2.7,96.6,.272,.342,.548,,.508,12.9,20.0,.210,,.521,13.9,77.6,.232,,FedEx Forum,638332,15569,2018-19
25,Washington Wizards,26.5,32,50,34,48,-2.90,-0.40,-3.30,111.1,113.9,-2.8,101.4,.266,.370,.567,,.531,12.3,21.3,.204,,.546,13.5,74.1,.199,,Capital One Arena,716996,17448,2018-19
26,Atlanta Hawks,25.1,29,53,27,55,-6.02,-0.04,-6.06,108.1,113.9,-5.8,103.9,.255,.403,.555,,.522,14.3,24.7,.192,,.541,12.8,76.4,.237,,State Farm Arena,628440,15328,2018-19
27,Chicago Bulls,24.0,22,60,21,61,-8.41,0.10,-8.32,104.8,113.2,-8.4,99.0,.235,.295,.541,,.505,12.7,19.4,.184,,.541,11.9,77.3,.188,,United Center,823475,20085,2018-19
28,New York Knicks,23.4,17,65,19,63,-9.21,0.28,-8.93,104.5,113.7,-9.2,99.6,.270,.334,.529,,.490,12.4,22.1,.205,,.533,11.7,76.1,.203,,Madison Square Garden (IV),779087,19002,2018-19
29,Phoenix Suns,24.0,19,63,19,63,-9.34,0.73,-8.61,105.9,115.1,-9.2,100.5,.259,.335,.552,,.514,13.8,20.5,.202,,.545,13.5,72.5,.236,,Talking Stick Resort Arena,627023,15293,2018-19
30,Cleveland Cavaliers,25.2,19,63,19,63,-9.61,0.22,-9.39,107.7,117.6,-9.9,96.6,.236,.332,.540,,.503,12.2,23.7,.187,,.564,11.5,77.0,.181,,Quicken Loans Arena,793337,19350,2018-19
1,Milwaukee Bucks*,29.2,56,17,57,16,10.08,-0.67,9.41,112.4,102.9,+9.5,105.1,.271,.428,.583,,.552,12.9,20.7,.201,,.489,12.0,81.6,.178,,Fiserv Forum,549036,17711,2019-20
2,Boston Celtics*,25.3,48,24,50,22,6.31,-0.47,5.83,113.3,107.0,+6.3,99.5,.259,.386,.570,,.531,12.2,23.9,.207,,.509,13.5,77.4,.215,,TD Garden,610864,19090,2019-20
3,Los Angeles Clippers*,27.4,49,23,50,22,6.44,0.21,6.66,113.9,107.6,+6.3,101.5,.295,.375,.577,,.535,12.6,23.5,.233,,.506,12.2,77.6,.206,,STAPLES Center,610176,19068,2019-20
4,Toronto Raptors*,26.6,53,19,50,22,6.24,-0.26,5.97,111.1,105.0,+6.1,100.9,.264,.421,.574,,.536,13.1,21.3,.210,,.502,14.6,76.7,.202,,Scotiabank Arena,633456,19796,2019-20
5,Los Angeles Lakers*,29.5,52,19,48,23,5.79,0.49,6.28,112.0,106.3,+5.7,100.9,.276,.358,.573,,.542,13.3,24.5,.201,,.515,14.1,78.8,.205,,STAPLES Center,588907,18997,2019-20
6,Dallas Mavericks*,26.1,43,32,49,26,4.95,-0.07,4.87,116.7,111.7,+5.0,99.3,.264,.457,.581,,.545,11.2,23.2,.206,,.525,10.6,77.7,.175,,American Airlines Center,682096,20062,2019-20
7,Miami Heat*,25.9,44,29,43,30,2.95,-0.35,2.59,112.5,109.5,+3.0,98.3,.299,.419,.587,,.547,13.5,20.3,.234,,.523,12.6,79.5,.213,,AmericanAirlines Arena,629771,19680,2019-20
8,Houston Rockets*,29.2,44,28,42,30,2.96,0.17,3.13,112.9,110.1,+2.8,103.7,.288,.501,.578,,.537,12.6,21.0,.228,,.529,13.7,75.6,.197,,Toyota Center,578458,18077,2019-20
9,Utah Jazz*,27.3,44,28,42,30,2.47,0.05,2.52,112.3,109.9,+2.4,98.6,.268,.414,.585,,.549,13.7,21.6,.208,,.518,11.1,78.9,.185,,Vivint Smart Home Arena,567486,18306,2019-20
10,Philadelphia 76ers*,26.3,43,30,42,31,2.38,-0.13,2.25,111.3,109.0,+2.3,99.0,.255,.360,.566,,.534,12.7,23.9,.193,,.523,12.5,80.3,.214,,Wells Fargo Center,639491,20629,2019-20
,,,,,,,,,,,,,,,,,,Offense Four Factors,Offense Four Factors,Offense Four Factors,Offense Four Factors,,Defense Four Factors,Defense Four Factors,Defense Four Factors,Defense Four Factors,,,,,2019-20
Rk,Team,Age,W,L,PW,PL,MOV,SOS,SRS,ORtg,DRtg,NRtg,Pace,FTr,3PAr,TS%,,eFG%,TOV%,ORB%,FT/FGA,,eFG%,TOV%,DRB%,FT/FGA,,Arena,Attend.,Attend./G,2019-20
11,Denver Nuggets*,25.6,46,27,41,32,2.11,0.24,2.35,113.1,111.0,+2.1,97.1,.235,.344,.567,,.535,12.3,24.8,.183,,.533,12.9,76.8,.198,,Pepsi Center,633153,19186,2019-20
12,Indiana Pacers*,25.6,45,28,41,32,1.96,-0.33,1.63,110.0,108.0,+2.0,98.9,.216,.317,.565,,.534,12.0,20.0,.170,,.511,13.0,76.7,.192,,Bankers Life Fieldhouse,529002,16531,2019-20
13,Oklahoma City Thunder*,25.5,44,28,41,31,1.99,0.34,2.33,110.8,108.8,+2.0,98.8,.290,.353,.573,,.530,12.4,19.3,.231,,.518,12.6,76.8,.173,,Chesapeake Energy Arena,600699,18203,2019-20
14,Phoenix Suns,24.6,34,39,37,36,0.22,0.35,0.56,111.7,111.4,+0.3,101.3,.271,.361,.576,,.532,13.0,22.2,.226,,.539,13.7,78.8,.221,,Talking Stick Resort Arena,550633,15606,2019-20
15,Brooklyn Nets*,26.3,35,37,35,37,-0.57,-0.44,-1.01,108.9,109.5,-0.6,101.4,.267,.423,.554,,.520,13.1,23.2,.199,,.511,11.0,77.8,.187,,Barclays Center,524907,16403,2019-20
16,Orlando Magic*,26.1,33,40,34,39,-1.01,0.09,-0.93,108.5,109.5,-1.0,98.6,.256,.364,.544,,.506,11.5,22.3,.198,,.535,13.2,79.1,.176,,Amway Center,529870,17093,2019-20
17,San Antonio Spurs,27.6,32,39,33,38,-1.11,0.46,-0.65,112.4,113.5,-1.1,100.5,.262,.318,.572,,.531,11.2,20.1,.212,,.542,11.7,79.2,.193,,AT&T Center,550515,18351,2019-20
18,Memphis Grizzlies,24.1,34,39,34,39,-1.07,0.16,-0.91,109.2,110.3,-1.1,102.8,.240,.346,.561,,.528,13.2,23.0,.183,,.521,12.7,77.8,.217,,FedEx Forum,523297,15857,2019-20
19,Portland Trail Blazers*,27.5,35,39,34,40,-1.15,0.54,-0.61,113.7,114.8,-1.1,100.7,.242,.374,.570,,.533,11.2,22.4,.194,,.530,11.2,75.3,.208,,Moda Center,628303,19634,2019-20
20,New Orleans Pelicans,25.4,30,42,33,39,-1.29,0.74,-0.55,110.7,111.9,-1.2,103.7,.256,.403,.568,,.539,13.9,24.2,.186,,.532,12.4,77.8,.212,,Smoothie King Center,528172,16505,2019-20
,,,,,,,,,,,,,,,,,,Offense Four Factors,Offense Four Factors,Offense Four Factors,Offense Four Factors,,Defense Four Factors,Defense Four Factors,Defense Four Factors,Defense Four Factors,,,,,2019-20
Rk,Team,Age,W,L,PW,PL,MOV,SOS,SRS,ORtg,DRtg,NRtg,Pace,FTr,3PAr,TS%,,eFG%,TOV%,ORB%,FT/FGA,,eFG%,TOV%,DRB%,FT/FGA,,Arena,Attend.,Attend./G,2019-20
21,Sacramento Kings,27.0,31,41,31,41,-2.04,0.46,-1.59,110.2,112.2,-2.0,98.9,.230,.395,.566,,.534,13.0,21.9,.177,,.543,13.6,78.4,.225,,Golden 1 Center,520663,16796,2019-20
22,Chicago Bulls,24.4,22,43,26,39,-3.08,-0.93,-4.00,106.7,109.8,-3.1,99.7,.231,.396,.547,,.515,13.7,22.8,.175,,.546,16.3,75.6,.239,,United Center,639352,18804,2019-20
23,Detroit Pistons,25.9,20,46,26,40,-3.56,-0.82,-4.38,109.0,112.7,-3.7,97.6,.261,.381,.561,,.529,13.8,22.6,.194,,.541,12.7,75.9,.186,,Little Caesars Arena,509469,15294,2019-20
24,Minnesota Timberwolves,24.8,19,45,24,40,-4.30,0.28,-4.02,108.1,112.2,-4.1,103.4,.277,.433,.551,,.514,13.0,22.1,.209,,.541,13.2,77.2,.218,,Target Center,482112,15066,2019-20
25,Washington Wizards,25.1,25,47,26,46,-4.67,-0.57,-5.24,110.9,115.5,-4.6,102.7,.270,.358,.562,,.523,12.2,22.2,.213,,.558,13.9,75.3,.231,,Capital One Arena,532702,16647,2019-20
26,New York Knicks,24.5,21,45,20,46,-6.45,-0.26,-6.72,106.5,113.0,-6.5,98.6,.263,.318,.531,,.501,12.6,25.8,.182,,.541,12.4,78.3,.224,,Madison Square Garden (IV),620789,18812,2019-20
27,Charlotte Hornets,24.3,23,42,19,46,-6.75,-0.28,-7.03,106.3,113.3,-7.0,95.8,.252,.399,.539,,.504,13.3,23.9,.188,,.546,13.1,74.4,.159,,Spectrum Center,478591,15428,2019-20
28,Atlanta Hawks,24.1,20,47,18,49,-7.97,0.27,-7.71,107.2,114.8,-7.6,103.0,.258,.398,.554,,.515,13.8,21.6,.204,,.543,12.7,74.9,.233,,State Farm Arena,545453,16043,2019-20
29,Cleveland Cavaliers,25.0,19,46,18,47,-7.89,0.12,-7.77,107.5,115.4,-7.9,98.7,.227,.362,.553,,.522,14.6,24.6,.172,,.560,11.7,77.4,.164,,Rocket Mortgage Fieldhouse,643008,17861,2019-20
30,Golden State Warriors,24.4,15,50,16,49,-8.71,0.59,-8.12,105.2,113.8,-8.6,100.3,.264,.355,.540,,.497,13.2,21.5,.212,,.553,13.7,76.4,.193,,Chase Center,614176,18064,2019-20
1,Utah Jazz*,28.5,52,20,55,17,9.25,-0.29,8.97,117.6,108.3,+9.3,98.5,.244,.488,.597,,.563,12.7,24.5,.195,,.507,10.3,79.3,.159,,Vivint Smart Home Arena,151300,4203,2020-21
2,Los Angeles Clippers*,28.8,47,25,49,23,6.18,-0.16,6.02,117.6,111.2,+6.4,96.9,.222,.400,.599,,.564,12.2,22.7,.186,,.531,11.9,79.1,.186,,STAPLES Center,13901,386,2020-21
3,Phoenix Suns*,26.6,51,21,49,23,5.82,-0.15,5.67,117.2,111.3,+5.9,97.2,.212,.392,.597,,.564,11.5,20.8,.177,,.534,12.4,78.5,.194,,Phoenix Suns Arena,104027,2890,2020-21
4,Milwaukee Bucks*,28.1,46,26,48,24,5.89,-0.32,5.57,117.2,111.4,+5.8,102.2,.233,.404,.593,,.566,12.0,23.3,.177,,.536,11.5,79.7,.157,,Fiserv Forum,64780,1799,2020-21
5,Philadelphia 76ers*,27.1,49,23,48,24,5.58,-0.31,5.28,113.2,107.6,+5.6,99.5,.293,.347,.579,,.541,12.8,23.2,.225,,.521,13.8,78.2,.200,,Wells Fargo Center,68583,1905,2020-21
6,Denver Nuggets*,26.1,47,25,47,25,4.93,-0.11,4.82,117.1,112.1,+5.0,97.1,.219,.383,.588,,.557,12.1,24.7,.176,,.545,12.9,78.9,.200,,Ball Arena,54563,1516,2020-21
7,Brooklyn Nets*,28.2,48,24,46,26,4.50,-0.27,4.24,118.3,113.8,+4.5,99.5,.258,.413,.610,,.575,12.2,21.4,.208,,.531,11.1,77.3,.187,,Barclays Center,30491,847,2020-21
8,Los Angeles Lakers*,28.2,42,30,42,30,2.79,-0.03,2.77,109.9,107.1,+2.8,98.7,.271,.363,.569,,.536,13.6,22.5,.200,,.526,13.7,79.7,.184,,STAPLES Center,23313,648,2020-21
9,Dallas Mavericks*,26.3,42,30,41,31,2.26,-0.01,2.26,115.4,113.0,+2.4,97.3,.242,.436,.582,,.550,11.1,21.1,.189,,.534,11.5,77.8,.197,,American Airlines Center,94849,2635,2020-21
10,New York Knicks*,25.6,41,31,41,31,2.31,-0.18,2.13,110.6,108.2,+2.4,95.9,.242,.347,.559,,.524,11.9,21.9,.190,,.509,11.7,78.6,.196,,Madison Square Garden (IV),42131,1170,2020-21
,,,,,,,,,,,,,,,,,,Offense Four Factors,Offense Four Factors,Offense Four Factors,Offense Four Factors,,Defense Four Factors,Defense Four Factors,Defense Four Factors,Defense Four Factors,,,,,2020-21
Rk,Team,Age,W,L,PW,PL,MOV,SOS,SRS,ORtg,DRtg,NRtg,Pace,FTr,3PAr,TS%,,eFG%,TOV%,ORB%,FT/FGA,,eFG%,TOV%,DRB%,FT/FGA,,Arena,Attend.,Attend./G,2020-21
11,Atlanta Hawks*,25.4,41,31,41,31,2.32,-0.18,2.14,115.7,113.3,+2.4,97.6,.278,.382,.581,,.539,11.9,24.4,.226,,.530,11.1,77.8,.190,,State Farm Arena,59288,1647,2020-21
12,Portland Trail Blazers*,27.4,42,30,40,32,1.79,0.01,1.81,117.8,116.0,+1.8,98.4,.238,.448,.577,,.540,9.9,23.0,.195,,.546,11.2,77.5,.203,,Moda Center,5817,162,2020-21
13,Boston Celtics*,25.1,36,36,39,33,1.46,-0.14,1.32,114.0,112.5,+1.5,98.3,.234,.409,.574,,.543,12.5,24.3,.181,,.539,12.8,78.1,.215,,TD Garden,30067,835,2020-21
14,Golden State Warriors,26.7,39,33,38,34,1.06,0.04,1.10,111.1,110.1,+1.0,102.2,.239,.439,.583,,.551,13.3,17.9,.188,,.522,13.1,76.6,.223,,Chase Center,33457,929,2020-21
15,Memphis Grizzlies*,24.2,38,34,38,34,1.03,0.04,1.07,112.0,111.0,+1.0,100.4,.232,.342,.560,,.528,11.6,24.2,.179,,.535,13.1,78.3,.196,,FedEx Forum,61449,1707,2020-21
16,Miami Heat*,27.4,40,32,36,36,0.03,-0.09,-0.06,111.2,111.2,0.0,96.6,.252,.432,.581,,.546,13.1,19.4,.199,,.542,13.8,77.9,.183,,AmericanAirlines Arena,,,2020-21
17,Indiana Pacers,26.5,34,38,36,36,-0.04,-0.08,-0.13,112.4,112.4,0.0,101.6,.227,.372,.575,,.542,11.9,20.2,.180,,.531,12.7,74.9,.201,,Bankers Life Fieldhouse,,,2020-21
18,New Orleans Pelicans,24.8,31,41,35,37,-0.29,0.10,-0.20,113.5,113.8,-0.3,100.1,.293,.342,.570,,.537,12.7,26.3,.214,,.550,11.9,80.0,.186,,Smoothie King Center,93120,2587,2020-21
19,Toronto Raptors,26.6,27,45,35,37,-0.47,-0.07,-0.54,112.0,112.5,-0.5,99.2,.241,.444,.567,,.529,11.9,20.8,.196,,.543,14.4,76.3,.234,,Amalie Arena,26024,723,2020-21
20,Chicago Bulls,25.6,31,41,34,38,-0.89,-0.05,-0.94,111.1,112.0,-0.9,99.0,.197,.383,.575,,.547,13.6,22.3,.156,,.538,11.6,80.3,.196,,United Center,13655,379,2020-21
,,,,,,,,,,,,,,,,,,Offense Four Factors,Offense Four Factors,Offense Four Factors,Offense Four Factors,,Defense Four Factors,Defense Four Factors,Defense Four Factors,Defense Four Factors,,,,,2020-21
Rk,Team,Age,W,L,PW,PL,MOV,SOS,SRS,ORtg,DRtg,NRtg,Pace,FTr,3PAr,TS%,,eFG%,TOV%,ORB%,FT/FGA,,eFG%,TOV%,DRB%,FT/FGA,,Arena,Attend.,Attend./G,2020-21
21,San Antonio Spurs,26.2,33,39,32,40,-1.74,0.15,-1.58,111.0,112.8,-1.8,98.9,.243,.314,.554,,.517,10.2,20.0,.192,,.541,11.8,77.3,.174,,AT&T Center,61053,1696,2020-21
22,Washington Wizards*,26.6,34,38,32,40,-1.83,-0.01,-1.85,111.2,113.0,-1.8,104.1,.288,.319,.569,,.531,12.3,21.3,.221,,.539,12.5,77.6,.217,,Capital One Arena,19198,533,2020-21
23,Charlotte Hornets,24.6,33,39,32,40,-1.93,-0.01,-1.94,110.9,112.8,-1.9,98.3,.238,.422,.564,,.532,13.3,23.5,.181,,.550,13.2,75.7,.163,,Spectrum Center,68255,1896,2020-21
24,Sacramento Kings,25.6,31,41,28,44,-3.68,0.23,-3.45,113.6,117.2,-3.6,100.0,.248,.376,.578,,.549,12.0,21.3,.185,,.557,12.1,75.0,.199,,Golden 1 Center,,,2020-21
25,Detroit Pistons,24.5,20,52,26,46,-4.47,0.09,-4.38,108.0,112.5,-4.5,97.9,.273,.385,.556,,.519,13.5,21.9,.207,,.541,12.6,76.9,.195,,Little Caesars Arena,14250,396,2020-21
26,Minnesota Timberwolves,23.2,23,49,24,48,-5.56,0.31,-5.25,109.5,115.0,-5.5,101.6,.254,.413,.555,,.520,12.4,22.7,.193,,.556,13.3,76.8,.207,,Target Center,15774,438,2020-21
27,Houston Rockets,26.5,17,55,20,52,-7.90,0.40,-7.50,107.1,114.9,-7.8,101.4,.252,.459,.553,,.521,13.0,19.8,.187,,.555,12.9,77.1,.201,,Toyota Center,117009,3250,2020-21
28,Cleveland Cavaliers,24.0,22,50,18,54,-8.44,0.25,-8.19,105.8,114.4,-8.6,97.3,.261,.347,.543,,.508,13.9,23.6,.194,,.556,13.0,76.6,.183,,Rocket Mortgage Fieldhouse,91476,2541,2020-21
29,Orlando Magic,25.6,21,51,17,55,-9.31,0.29,-9.02,105.1,114.5,-9.4,98.7,.240,.356,.527,,.490,11.5,21.6,.186,,.547,11.5,78.2,.169,,Amway Center,126463,3513,2020-21
30,Oklahoma City Thunder,22.8,22,50,15,57,-10.64,0.51,-10.13,103.5,114.0,-10.5,101.0,.242,.399,.539,,.509,14.2,21.2,.176,,.547,11.5,77.9,.167,,Chesapeake Energy Arena,,,2020-21
1,Boston Celtics*,26.1,51,31,59,23,7.28,-0.26,7.02,114.4,106.9,+7.5,96.6,.239,.425,.578,,.542,12.4,24.0,.195,,.502,12.5,77.3,.183,,TD Garden,785396,19156,2021-22
2,Phoenix Suns*,27.5,64,18,59,23,7.50,-0.56,6.94,114.8,107.3,+7.5,99.8,.221,.354,.581,,.549,11.6,22.3,.176,,.510,13.0,77.1,.195,,Phoenix Suns Arena,663171,16175,2021-22
3,Utah Jazz*,29.3,49,33,56,26,6.04,-0.37,5.67,116.7,110.5,+6.2,97.1,.271,.468,.589,,.555,12.7,25.4,.208,,.521,10.9,78.3,.164,,Vivint Smart Home Arena,750546,18306,2021-22
4,Memphis Grizzlies*,24.0,56,26,55,27,5.68,-0.32,5.37,114.6,109.0,+5.6,100.3,.245,.346,.553,,.522,11.2,30.0,.180,,.523,13.3,77.8,.195,,FedEx Forum,646785,15775,2021-22
5,Golden State Warriors*,27.6,53,29,55,27,5.54,-0.02,5.52,112.5,106.9,+5.6,98.4,.235,.456,.582,,.552,13.5,22.8,.181,,.509,13.0,78.7,.201,,Chase Center,740624,18064,2021-22
6,Miami Heat*,28.2,53,29,53,29,4.45,-0.22,4.23,113.7,109.1,+4.6,95.9,.252,.422,.584,,.547,13.4,23.5,.204,,.524,13.8,78.0,.209,,FTX Arena,804761,19628,2021-22
7,Dallas Mavericks*,26.7,52,30,50,32,3.30,-0.18,3.12,112.8,109.4,+3.4,95.4,.249,.439,.572,,.538,11.7,21.3,.192,,.521,12.2,78.0,.185,,American Airlines Center,808037,19708,2021-22
8,Milwaukee Bucks*,28.5,51,31,49,33,3.35,-0.14,3.22,115.1,111.8,+3.3,99.9,.257,.430,.580,,.546,11.9,23.0,.199,,.536,11.6,78.6,.165,,Fiserv Forum,715581,17453,2021-22
9,Philadelphia 76ers*,26.8,51,31,48,34,2.61,-0.04,2.57,113.5,110.8,+2.7,96.2,.282,.376,.578,,.534,11.6,20.1,.232,,.524,12.1,76.8,.192,,Wells Fargo Center,846867,20655,2021-22
10,Minnesota Timberwolves*,24.2,46,36,48,34,2.63,-0.10,2.53,114.3,111.7,+2.6,100.9,.254,.454,.573,,.539,12.4,24.4,.198,,.535,14.2,74.9,.227,,Target Center,657148,16028,2021-22
,,,,,,,,,,,,,,,,,,Offense Four Factors,Offense Four Factors,Offense Four Factors,Offense Four Factors,,Defense Four Factors,Defense Four Factors,Defense Four Factors,Defense Four Factors,,,,,2021-22
Rk,Team,Age,W,L,PW,PL,MOV,SOS,SRS,ORtg,DRtg,NRtg,Pace,FTr,3PAr,TS%,,eFG%,TOV%,ORB%,FT/FGA,,eFG%,TOV%,DRB%,FT/FGA,,Arena,Attend.,Attend./G,2021-22
11,Denver Nuggets*,27.7,48,34,47,35,2.30,-0.15,2.16,114.5,112.1,+2.4,97.8,.244,.416,.590,,.556,13.2,21.9,.194,,.537,11.7,78.3,.188,,Ball Arena,695262,16958,2021-22
12,Toronto Raptors*,24.8,48,34,47,35,2.29,0.08,2.38,112.9,110.5,+2.4,96.0,.234,.375,.543,,.510,11.0,28.4,.177,,.535,14.4,75.6,.199,,Scotiabank Arena,547343,13350,2021-22
13,Cleveland Cavaliers,24.7,44,38,47,35,2.12,-0.08,2.04,111.9,109.7,+2.2,96.1,.261,.387,.571,,.538,13.2,24.0,.198,,.520,12.3,76.5,.172,,Rocket Mortgage Fieldhouse,758228,18493,2021-22
14,Atlanta Hawks*,26.1,43,39,45,37,1.56,-0.01,1.55,116.5,114.9,+1.6,97.7,.253,.390,.581,,.543,10.8,23.0,.205,,.543,11.5,76.9,.177,,State Farm Arena,672742,16408,2021-22
15,Brooklyn Nets*,29.1,44,38,43,39,0.78,0.04,0.82,113.6,112.8,+0.8,99.0,.246,.359,.576,,.540,12.5,23.9,.198,,.521,11.7,75.1,.201,,Barclays Center,711539,17355,2021-22
16,Charlotte Hornets,25.5,43,39,42,40,0.44,0.09,0.53,114.1,113.7,+0.4,100.0,.234,.418,.572,,.544,11.6,23.3,.173,,.544,13.1,74.8,.187,,Spectrum Center,700755,17092,2021-22
17,San Antonio Spurs,24.5,34,48,41,41,0.12,-0.10,0.02,112.4,112.3,+0.1,100.0,.220,.345,.556,,.527,11.1,23.7,.166,,.532,12.1,75.1,.176,,AT&T Center,615588,15014,2021-22
18,Los Angeles Clippers,27.5,42,40,41,41,0.02,0.06,0.09,110.1,110.1,0.0,98.0,.224,.391,.564,,.531,12.5,20.6,.178,,.514,12.0,74.4,.167,,Crypto.com Arena,694005,16927,2021-22
19,New York Knicks,26.0,37,45,41,41,-0.12,0.11,-0.01,110.4,110.5,-0.1,95.9,.280,.428,.550,,.513,12.0,25.1,.208,,.521,11.7,78.8,.198,,Madison Square Garden (IV),763484,18622,2021-22
20,Chicago Bulls*,26.3,46,36,40,42,-0.39,0.02,-0.38,113.2,113.6,-0.4,98.3,.248,.332,.579,,.541,11.8,20.4,.201,,.541,11.9,78.3,.199,,United Center,856148,20882,2021-22
,,,,,,,,,,,,,,,,,,Offense Four Factors,Offense Four Factors,Offense Four Factors,Offense Four Factors,,Defense Four Factors,Defense Four Factors,Defense Four Factors,Defense Four Factors,,,,,2021-22
Rk,Team,Age,W,L,PW,PL,MOV,SOS,SRS,ORtg,DRtg,NRtg,Pace,FTr,3PAr,TS%,,eFG%,TOV%,ORB%,FT/FGA,,eFG%,TOV%,DRB%,FT/FGA,,Arena,Attend.,Attend./G,2021-22
21,New Orleans Pelicans*,25.6,36,46,38,44,-0.99,0.15,-0.84,112.0,113.0,-1.0,97.2,.264,.365,.557,,.517,12.5,26.9,.208,,.547,13.0,78.2,.196,,Smoothie King Center,635941,15511,2021-22
22,Los Angeles Lakers,30.2,33,49,33,49,-3.05,-0.03,-3.08,110.3,113.3,-3.0,100.1,.259,.388,.567,,.537,12.8,21.1,.190,,.540,12.2,75.8,.192,,Crypto.com Arena,764631,18650,2021-22
23,Washington Wizards,25.9,35,47,32,50,-3.38,0.15,-3.23,111.1,114.5,-3.4,97.0,.252,.356,.568,,.532,12.1,20.9,.197,,.529,10.7,76.9,.202,,Capital One Arena,637215,15542,2021-22
24,Indiana Pacers,26.0,25,57,32,50,-3.48,0.22,-3.26,112.6,116.1,-3.5,98.0,.239,.395,.564,,.531,12.7,25.5,.184,,.552,11.9,76.2,.204,,Gainbridge Fieldhouse,588743,14360,2021-22
25,Sacramento Kings,25.8,30,52,28,54,-5.46,0.20,-5.26,109.9,115.3,-5.4,99.8,.264,.377,.561,,.525,12.5,21.3,.203,,.551,11.9,76.0,.176,,Golden 1 Center,577583,14087,2021-22
26,Detroit Pistons,23.6,23,59,22,60,-7.72,0.37,-7.36,106.0,113.8,-7.8,98.4,.249,.391,.533,,.494,12.6,23.4,.194,,.541,13.1,75.6,.226,,Little Caesars Arena,663556,16184,2021-22
27,Orlando Magic,23.3,22,60,21,61,-8.00,0.33,-7.67,104.5,112.5,-8.0,99.2,.223,.417,.538,,.503,13.0,19.8,.175,,.532,11.7,77.2,.196,,Amway Center,622881,15192,2021-22
28,Oklahoma City Thunder,22.4,24,58,21,61,-8.10,0.20,-7.90,104.6,112.8,-8.2,98.6,.223,.419,.530,,.497,12.5,21.8,.169,,.533,11.8,76.1,.169,,Paycom Center,595112,14515,2021-22
29,Houston Rockets,24.1,20,62,21,61,-8.48,0.22,-8.26,108.4,116.7,-8.3,100.9,.284,.448,.565,,.534,14.5,21.7,.202,,.554,12.3,74.4,.206,,Toyota Center,638977,15585,2021-22
30,Portland Trail Blazers,25.6,27,55,20,62,-8.88,0.33,-8.55,107.8,116.9,-9.1,98.3,.248,.422,.550,,.515,13.0,22.9,.188,,.559,12.7,76.9,.222,,Moda Center,705608,17210,2021-22
1,Boston Celtics*,27.4,57,25,57,25,6.52,-0.15,6.38,118.0,111.5,+6.5,98.5,.243,.480,.600,,.566,12.0,22.1,.197,,.528,11.3,78.5,.180,,TD Garden,785396,19156,2022-23
2,Cleveland Cavaliers*,25.4,51,31,55,27,5.38,-0.15,5.23,116.1,110.6,+5.5,95.7,.264,.371,.590,,.556,12.3,23.6,.206,,.535,14.4,76.3,.210,,Rocket Mortgage Fieldhouse,777280,18958,2022-23
3,Philadelphia 76ers*,28.2,54,28,52,30,4.32,0.06,4.37,117.7,113.3,+4.4,96.9,.300,.389,.608,,.563,12.6,21.6,.250,,.541,13.0,77.2,.217,,Wells Fargo Center,839261,20470,2022-23
4,Memphis Grizzlies*,24.4,51,31,51,31,3.94,-0.34,3.60,115.1,111.2,+3.9,101.1,.259,.372,.570,,.540,11.7,26.5,.190,,.526,13.1,75.9,.206,,FedEx Forum,707836,17264,2022-23
5,Milwaukee Bucks*,29.8,58,24,50,32,3.63,-0.02,3.61,115.4,111.9,+3.5,100.5,.248,.446,.583,,.555,12.7,25.0,.184,,.520,10.4,77.8,.175,,Fiserv Forum,718786,17531,2022-23
6,Denver Nuggets*,26.6,53,29,49,33,3.33,-0.29,3.04,117.6,114.2,+3.4,98.1,.259,.361,.601,,.573,13.1,24.8,.194,,.543,12.2,76.4,.201,,Ball Arena,788635,19235,2022-23
7,New York Knicks*,24.5,47,35,48,34,2.93,0.06,2.99,117.8,114.8,+3.0,97.1,.285,.400,.577,,.541,11.4,28.3,.217,,.536,11.4,77.1,.210,,Madison Square Garden (IV),795110,19393,2022-23
8,Sacramento Kings*,25.4,48,34,47,35,2.65,-0.35,2.30,119.4,116.8,+2.6,100.3,.284,.423,.608,,.572,12.0,22.7,.225,,.563,12.6,77.2,.203,,Golden 1 Center,715491,17451,2022-23
9,Phoenix Suns*,28.1,45,37,46,36,2.07,0.01,2.08,115.1,113.0,+2.1,98.2,.241,.362,.570,,.535,12.0,26.6,.191,,.532,12.9,76.0,.234,,Footprint Center,699911,17071,2022-23
10,New Orleans Pelicans,25.9,42,40,46,36,1.89,-0.26,1.63,114.4,112.5,+1.9,99.1,.279,.344,.582,,.543,12.9,24.7,.221,,.543,13.4,77.4,.212,,Smoothie King Center,687691,16773,2022-23
,,,,,,,,,,,,,,,,,,Offense Four Factors,Offense Four Factors,Offense Four Factors,Offense Four Factors,,Defense Four Factors,Defense Four Factors,Defense Four Factors,Defense Four Factors,,,,,2022-23
Rk,Team,Age,W,L,PW,PL,MOV,SOS,SRS,ORtg,DRtg,NRtg,Pace,FTr,3PAr,TS%,,eFG%,TOV%,ORB%,FT/FGA,,eFG%,TOV%,DRB%,FT/FGA,,Arena,Attend.,Attend./G,2022-23
11,Golden State Warriors*,27.3,44,38,45,37,1.80,-0.15,1.66,116.1,114.4,+1.7,101.6,.224,.479,.600,,.571,14.1,24.4,.178,,.540,12.3,76.0,.214,,Chase Center,740624,18064,2022-23
12,Toronto Raptors,25.8,41,41,45,37,1.48,0.12,1.59,115.5,114.0,+1.5,97.1,.257,.351,.555,,.517,10.3,27.8,.201,,.565,15.3,76.7,.223,,Scotiabank Arena,811261,19787,2022-23
13,Chicago Bulls,27.5,40,42,44,38,1.29,0.07,1.37,113.5,112.2,+1.3,98.5,.251,.333,.587,,.550,12.2,20.1,.203,,.544,13.5,77.8,.197,,United Center,841632,20528,2022-23
14,Oklahoma City Thunder,22.8,40,42,44,38,1.09,-0.12,0.96,115.2,114.2,+1.0,101.1,.256,.369,.570,,.531,11.2,24.7,.207,,.547,14.4,72.9,.222,,Paycom Center,636903,15534,2022-23
15,Brooklyn Nets*,28.0,45,37,43,39,0.85,0.18,1.03,115.0,114.1,+0.9,98.3,.260,.397,.598,,.562,12.7,19.6,.208,,.530,12.2,73.7,.212,,Barclays Center,724439,17669,2022-23
16,Los Angeles Lakers*,27.9,43,39,42,40,0.57,-0.15,0.43,114.5,113.9,+0.6,101.3,.299,.351,.582,,.542,12.3,22.8,.232,,.535,10.9,76.3,.171,,Crypto.com Arena,763168,18614,2022-23
17,Los Angeles Clippers*,29.7,44,38,42,40,0.50,-0.19,0.31,115.0,114.5,+0.5,98.0,.278,.387,.588,,.551,12.8,22.9,.217,,.543,11.7,76.6,.195,,Crypto.com Arena,720543,17574,2022-23
18,Atlanta Hawks*,24.9,41,41,42,40,0.29,0.02,0.32,116.6,116.3,+0.3,100.7,.244,.331,.579,,.541,11.2,25.1,.200,,.552,12.4,75.8,.206,,State Farm Arena,719787,17556,2022-23
19,Dallas Mavericks,27.8,38,44,41,41,0.07,-0.22,-0.14,116.8,116.7,+0.1,96.6,.298,.487,.599,,.565,11.4,18.0,.225,,.549,11.9,75.5,.226,,American Airlines Center,827282,20178,2022-23
20,Minnesota Timberwolves*,25.8,42,40,41,41,-0.04,-0.18,-0.22,113.7,113.8,-0.1,101.0,.271,.381,.592,,.560,13.6,21.5,.205,,.540,13.3,74.3,.225,,Target Center,687510,16769,2022-23
,,,,,,,,,,,,,,,,,,Offense Four Factors,Offense Four Factors,Offense Four Factors,Offense Four Factors,,Defense Four Factors,Defense Four Factors,Defense Four Factors,Defense Four Factors,,,,,2022-23
Rk,Team,Age,W,L,PW,PL,MOV,SOS,SRS,ORtg,DRtg,NRtg,Pace,FTr,3PAr,TS%,,eFG%,TOV%,ORB%,FT/FGA,,eFG%,TOV%,DRB%,FT/FGA,,Arena,Attend.,Attend./G,2022-23
21,Miami Heat*,27.7,44,38,40,42,-0.32,0.18,-0.13,113.0,113.3,-0.3,96.3,.270,.408,.574,,.530,12.4,22.8,.224,,.561,14.5,77.7,.198,,Kaseya Center,807190,19688,2022-23
22,Utah Jazz,26.5,37,45,39,43,-0.94,-0.09,-1.03,115.8,116.7,-0.9,100.5,.265,.421,.584,,.547,13.3,26.8,.209,,.541,10.9,75.2,.205,,Vivint Arena,728240,17762,2022-23
23,Washington Wizards,26.2,35,47,38,44,-1.21,0.15,-1.06,114.4,115.6,-1.2,98.6,.258,.365,.585,,.550,12.7,22.6,.202,,.540,11.0,76.1,.194,,Capital One Arena,710481,17329,2022-23
24,Orlando Magic,23.1,34,48,35,47,-2.56,0.17,-2.39,111.6,114.2,-2.6,99.3,.290,.361,.573,,.532,13.4,23.8,.227,,.550,13.1,77.7,.211,,Amway Center,728405,17766,2022-23
25,Indiana Pacers,24.5,35,47,33,49,-3.18,0.28,-2.91,114.6,117.7,-3.1,101.1,.265,.413,.581,,.545,13.0,23.4,.209,,.554,13.0,72.2,.229,,Gainbridge Fieldhouse,641562,15648,2022-23
26,Portland Trail Blazers,25.1,33,49,31,51,-4.01,0.05,-3.96,114.8,118.8,-4.0,98.6,.289,.413,.589,,.549,13.1,22.4,.230,,.563,12.1,74.9,.217,,Moda Center,767374,18716,2022-23
27,Charlotte Hornets,25.3,27,55,26,56,-6.24,0.35,-5.89,109.2,115.3,-6.1,100.8,.261,.360,.550,,.516,12.3,23.8,.195,,.544,12.5,75.5,.211,,Spectrum Center,702052,17123,2022-23
28,Houston Rockets,22.1,22,60,23,59,-7.85,0.24,-7.62,111.4,119.3,-7.9,99.0,.285,.359,.554,,.516,14.0,30.2,.215,,.564,11.8,75.8,.218,,Toyota Center,668865,16314,2022-23
29,Detroit Pistons,24.1,17,65,22,60,-8.22,0.49,-7.73,110.7,118.9,-8.2,99.0,.295,.372,.561,,.520,13.3,24.9,.227,,.557,11.9,74.0,.231,,Little Caesars Arena,759715,18596,2022-23
30,San Antonio Spurs,23.9,22,60,19,63,-10.04,0.22,-9.82,110.2,120.0,-9.8,101.6,.229,.348,.554,,.525,13.0,25.6,.170,,.576,12.0,74.9,.201,,AT&T Center,694434,15508,2022-23
1,Boston Celtics*,28.2,64,18,66,16,11.34,-0.60,10.75,123.2,111.6,+11.6,97.2,.224,.471,.609,,.578,10.8,24.9,.180,,.523,10.8,76.3,.145,,TD Garden,785396,19156,2023-24
2,Oklahoma City Thunder*,23.4,57,25,58,24,7.41,-0.05,7.36,119.5,112.1,+7.4,99.8,.240,.383,.608,,.573,11.4,21.1,.198,,.530,13.6,73.8,.202,,Paycom Center,715509,17451,2023-24
3,Minnesota Timberwolves*,27.2,56,26,57,25,6.45,-0.07,6.39,115.6,109.0,+6.6,97.1,.270,.384,.594,,.559,13.0,23.2,.209,,.515,12.9,76.9,.197,,Target Center,738984,18024,2023-24
4,Denver Nuggets*,27.1,57,25,54,28,5.26,-0.03,5.23,118.5,113.0,+5.5,96.8,.224,.352,.589,,.562,11.5,25.5,.170,,.526,11.2,75.6,.195,,Ball Arena,807062,19684,2023-24
5,New York Knicks*,26.4,50,32,53,29,4.59,-0.23,4.36,118.2,113.4,+4.8,95.2,.246,.404,.574,,.540,11.9,29.4,.192,,.543,12.3,76.1,.176,,Madison Square Garden (IV),808885,19729,2023-24
6,New Orleans Pelicans*,26.0,49,33,52,30,4.41,0.05,4.46,117.4,112.9,+4.5,97.9,.261,.373,.591,,.558,11.8,24.4,.202,,.541,12.9,76.9,.186,,Smoothie King Center,692054,17301,2023-24
7,Los Angeles Clippers*,30.4,51,31,49,33,3.28,0.13,3.41,118.8,115.4,+3.4,97.2,.256,.383,.599,,.561,12.0,24.4,.211,,.541,11.7,74.8,.183,,Crypto.com Arena,776782,18946,2023-24
8,Philadelphia 76ers*,28.4,47,35,49,33,3.05,-0.54,2.51,116.9,113.8,+3.1,97.5,.264,.373,.574,,.532,10.7,24.8,.218,,.537,13.1,74.3,.215,,Wells Fargo Center,821714,20042,2023-24
9,Phoenix Suns*,29.3,49,33,49,33,3.06,0.02,3.08,117.6,114.6,+3.0,98.3,.271,.378,.603,,.565,13.4,25.0,.219,,.536,11.3,75.6,.178,,Footprint Center,699911,17071,2023-24
10,Indiana Pacers*,25.3,47,35,48,34,3.05,-0.30,2.75,121.0,118.0,+3.0,101.7,.222,.380,.606,,.578,11.3,23.8,.173,,.556,12.1,74.1,.228,,Gainbridge Fieldhouse,677554,16526,2023-24
,,,,,,,,,,,,,,,,,,Offense Four Factors,Offense Four Factors,Offense Four Factors,Offense Four Factors,,Defense Four Factors,Defense Four Factors,Defense Four Factors,Defense Four Factors,,,,,2023-24
Rk,Team,Age,W,L,PW,PL,MOV,SOS,SRS,ORtg,DRtg,NRtg,Pace,FTr,3PAr,TS%,,eFG%,TOV%,ORB%,FT/FGA,,eFG%,TOV%,DRB%,FT/FGA,,Arena,Attend.,Attend./G,2023-24
11,Golden State Warriors,28.4,46,36,47,35,2.61,0.16,2.77,117.8,115.2,+2.6,99.2,.219,.425,.586,,.557,12.5,27.5,.171,,.539,11.5,76.1,.195,,Chase Center,740624,18064,2023-24
12,Milwaukee Bucks*,30.2,49,33,47,35,2.62,-0.18,2.44,118.4,115.8,+2.6,99.9,.270,.430,.601,,.568,11.5,21.8,.209,,.539,10.6,77.2,.189,,Fiserv Forum,740850,17659,2023-24
13,Cleveland Cavaliers*,26.2,48,34,47,35,2.41,-0.44,1.98,115.2,112.7,+2.5,97.2,.234,.422,.586,,.557,12.4,23.2,.179,,.535,12.3,76.9,.190,,Rocket Mortgage Fieldhouse,793167,19432,2023-24
14,Dallas Mavericks*,26.5,50,32,46,36,2.21,0.09,2.30,117.6,115.4,+2.2,100.1,.251,.441,.592,,.562,11.2,22.2,.190,,.548,12.1,75.2,.184,,American Airlines Center,828897,20217,2023-24
15,Orlando Magic*,24.0,47,35,46,36,2.02,-0.55,1.48,113.4,111.3,+2.1,96.9,.287,.369,.577,,.541,13.3,25.3,.218,,.543,13.8,78.1,.206,,Kia Center,773939,18849,2023-24
16,Miami Heat*,28.0,46,36,46,36,1.76,-0.66,1.10,114.0,112.2,+1.8,96.2,.257,.394,.578,,.538,11.7,21.8,.210,,.543,12.7,78.1,.174,,Kaseya Center,809743,19750,2023-24
17,Sacramento Kings,26.4,46,36,45,37,1.74,0.55,2.29,116.9,115.2,+1.7,98.8,.229,.432,.582,,.556,11.6,24.5,.171,,.555,12.5,78.4,.213,,Golden 1 Center,735015,17927,2023-24
18,Houston Rockets,25.1,41,41,44,38,1.12,0.12,1.24,114.5,113.4,+1.1,99.0,.257,.397,.565,,.529,11.2,25.1,.199,,.533,12.2,76.0,.219,,Toyota Center,720045,17562,2023-24
19,Los Angeles Lakers*,28.0,47,35,42,40,0.60,0.48,1.07,115.9,115.3,+0.6,100.9,.276,.358,.601,,.566,12.5,19.9,.216,,.550,11.7,76.2,.153,,Crypto.com Arena,793945,18925,2023-24
20,Chicago Bulls,28.1,39,43,37,45,-1.44,-0.33,-1.77,114.9,116.3,-1.4,96.3,.236,.358,.568,,.534,11.0,25.1,.187,,.556,12.7,76.4,.195,,United Center,845620,20625,2023-24
,,,,,,,,,,,,,,,,,,Offense Four Factors,Offense Four Factors,Offense Four Factors,Offense Four Factors,,Defense Four Factors,Defense Four Factors,Defense Four Factors,Defense Four Factors,,,,,2023-24
Rk,Team,Age,W,L,PW,PL,MOV,SOS,SRS,ORtg,DRtg,NRtg,Pace,FTr,3PAr,TS%,,eFG%,TOV%,ORB%,FT/FGA,,eFG%,TOV%,DRB%,FT/FGA,,Arena,Attend.,Attend./G,2023-24
21,Atlanta Hawks,26.2,36,46,36,46,-2.18,-0.19,-2.38,117.2,119.4,-2.2,100.1,.251,.408,.576,,.539,11.6,27.1,.200,,.572,12.4,75.2,.192,,State Farm Arena,696418,16986,2023-24
22,Brooklyn Nets,26.1,32,50,34,48,-2.89,-0.13,-3.02,113.2,116.1,-2.9,96.9,.234,.412,.561,,.531,11.8,25.2,.177,,.543,11.4,76.0,.193,,Barclays Center,720291,17568,2023-24
23,Utah Jazz,25.1,31,51,29,53,-4.89,0.68,-4.22,115.5,120.4,-4.9,99.5,.251,.406,.579,,.539,13.6,28.1,.209,,.567,10.9,75.2,.182,,Delta Center,746446,18206,2023-24
24,San Antonio Spurs,23.0,22,60,26,56,-6.49,0.69,-5.80,110.0,116.4,-6.4,101.1,.220,.401,.563,,.532,13.2,22.9,.172,,.555,11.7,76.4,.174,,Frost Bank Center,742522,18211,2023-24
25,Toronto Raptors,25.9,25,57,26,56,-6.44,-0.01,-6.45,112.3,118.8,-6.5,99.4,.241,.369,.566,,.535,12.4,24.2,.182,,.566,12.2,73.9,.172,,Scotiabank Arena,800129,19515,2023-24
26,Memphis Grizzlies,24.4,27,55,24,58,-7.00,0.43,-6.57,107.2,114.3,-7.1,98.2,.238,.428,.543,,.509,13.4,23.8,.182,,.551,13.5,74.8,.195,,FedEx Forum,681875,16631,2023-24
27,Detroit Pistons,23.8,14,68,20,62,-9.11,0.05,-9.06,109.7,118.8,-9.1,99.8,.246,.360,.562,,.526,13.5,23.9,.193,,.558,11.1,77.3,.221,,Little Caesars Arena,726378,18159,2023-24
28,Washington Wizards,24.9,15,67,20,62,-9.29,0.00,-9.29,110.5,119.6,-9.1,102.7,.221,.389,.567,,.538,12.2,20.0,.169,,.562,12.0,72.5,.201,,Capital One Arena,692851,16899,2023-24
29,Portland Trail Blazers,24.1,21,61,20,62,-9.02,0.74,-8.29,108.3,117.5,-9.2,97.2,.228,.370,.539,,.503,13.4,27.5,.181,,.558,12.8,74.0,.216,,Moda Center,751395,18327,2023-24
30,Charlotte Hornets,25.1,21,61,18,64,-10.24,0.13,-10.12,109.3,119.8,-10.5,97.3,.212,.391,.560,,.529,12.6,21.1,.167,,.572,12.3,74.5,.188,,Spectrum Center,674400,16449,2023-24
